rank,city,state,niche,payout_type,payout,avg_payout,zips,population,density,county,score
"1","Naples","FL","Plumbing","CPL","47","47","14","19704","610","Collier","69.49"
"2","Sarasota","FL","Plumbing","CPL","69","51.82","14","56970","1476","Sarasota","66.72"
"3","Langhorne","PA","Plumbing","CPL","49.5","49.5","3","1657","1227","Bucks","66.33"
"4","Fort Lauderdale","FL","Plumbing","CPL","62.5","62.5","34","185604","2044","Broward","64.17"
"5","Wilmington","DE","Plumbing","CPL","54.5","54.5","22","71727","2521","New Castle","63.03"
"6","Green Tree","PA","Plumbing","CPL","60","60","3","4833","903","Allegheny","61.76"
"7","Bradenton","FL","Plumbing","CPL","69","69","12","57014","1515","Manatee","60.81"
"8","Lithonia","GA","Plumbing","CPL","53.5","53.5","2","2622","1088","DeKalb","55.15"
"9","Middleburg","VA","Plumbing","CPL","49.5","49.5","2","774","295","Loudoun","52.01"
"10","Doylestown","PA","Plumbing","CPL","49.5","49.5","2","2592","477","Bucks","51.26"
"11","Mount Pleasant","PA","Plumbing","CPL","60","60","2","4199","1626","Westmoreland","51.23"
"12","North Wales","PA","Plumbing","CPL","55","55","2","3440","2250","Montgomery","50.86"
"13","Media","PA","Plumbing","CPL","67.5","67.5","2","5870","2970","Delaware","50.4"
"14","Riverton","NJ","Plumbing","CPL","49.5","44.5","2","2770","1617","Burlington","49.92"
"15","Berwyn","PA","Plumbing","CPL","55","55","2","3680","802","Chester","49.5"
"16","Brick","NJ","Plumbing","CPL","47","47","2","757","160","Monmouth","49.38"
"17","Stone Mountain","GA","Plumbing","CPL","53.5","53.5","3","6623","1553","DeKalb","48.55"
"18","Cleveland","SC","Plumbing","CPL","70","70","1","11","10","Greenville","48.52"
"19","Conestee","SC","Plumbing","CPL","70","70","1","776","428","Greenville","48.52"
"20","Marietta","SC","Plumbing","CPL","70","70","1","2381","173","Greenville","48.52"
"21","Pelzer","SC","Plumbing","CPL","70","70","1","1722","594","Anderson","48.52"
"22","Slater","SC","Plumbing","CPL","70","70","1","2381","173","Greenville","48.52"
"23","Newark","DE","Plumbing","CPL","54.5","54.5","8","30330","1235","New Castle","48.47"
"24","Anna Maria","FL","Plumbing","CPL","69","69","1","765","446","Manatee","47.83"
"25","Bradenton Beach","FL","Plumbing","CPL","69","69","1","733","580","Manatee","47.83"
"26","Decatur","GA","Plumbing","CPL","53.5","53.5","7","24518","2051","DeKalb","47.82"
"27","Landrum","SC","Plumbing","CPL","70","70","1","2620","374","Spartanburg","47.62"
"28","Richwood","NJ","Plumbing","CPL","49.5","44.5","2","3197","151","Gloucester","47.13"
"29","Chadds Ford","PA","Plumbing","CPL","67.5","67.5","1","1341","241","Chester","46.79"
"30","Cheyney","PA","Plumbing","CPL","67.5","67.5","1","308","81","Chester","46.79"
"31","Marcus Hook","PA","Plumbing","CPL","67.5","67.5","1","2102","779","Delaware","46.79"
"32","Upper Darby","PA","Plumbing","CPL","67.5","67.5","1","1467","5475","Delaware","46.79"
"33","Wallingford","PA","Plumbing","CPL","67.5","67.5","1","1225","628","Delaware","46.79"
"34","Hamden","CT","Plumbing","CPL","42.5","42.5","3","4311","1067","South Central Connecticut","45.8"
"35","New Wilmington","PA","Plumbing","CPL","43","43","2","2395","840","Lawrence","45.18"
"36","Boca Raton","FL","Plumbing","CPL","61","61","13","100234","1308","Palm Beach","45.01"
"37","Morton","PA","Plumbing","CPL","67.5","67.5","1","2773","2171","Delaware","44.89"
"38","Falls Church","VA","Plumbing","CPL","49.5","49.5","5","14710","2753","Falls Church","44.35"
"39","Mckeesport","PA","Plumbing","CPL","60","60","4","17380","1340","Allegheny","43.99"
"40","Chester Heights","PA","Plumbing","CPL","67.5","67.5","1","2948","510","Delaware","43.8"
"41","Glen Mills","PA","Plumbing","CPL","67.5","67.5","1","2948","510","Delaware","43.8"
"42","Pompano Beach","FL","Plumbing","CPL","62.5","62.5","13","114147","1800","Broward","43.78"
"43","West Palm Beach","FL","Plumbing","CPL","61","61","14","122290","857","Palm Beach","43.46"
"44","Cabana Colony","FL","Plumbing","CPL","61","61","1","2045","1738","Palm Beach","42.28"
"45","Canal Point","FL","Plumbing","CPL","61","61","1","207","68","Palm Beach","42.28"
"46","Acme","PA","Plumbing","CPL","60","60","1","1258","148","Fayette","41.59"
"47","Adamsburg","PA","Plumbing","CPL","60","60","1","118","277","Westmoreland","41.59"
"48","Apollo","PA","Plumbing","CPL","60","60","1","1488","1847","Armstrong","41.59"
"49","Arona","PA","Plumbing","CPL","60","60","1","262","182","Westmoreland","41.59"
"50","Avonmore","PA","Plumbing","CPL","60","60","1","1033","265","Westmoreland","41.59"
"51","Bairdford","PA","Plumbing","CPL","60","60","1","706","160","Allegheny","41.59"
"52","Bolivar","PA","Plumbing","CPL","60","60","1","411","680","Westmoreland","41.59"
"53","Braddock","PA","Plumbing","CPL","60","60","1","2039","1357","Allegheny","41.59"
"54","Bradenville","PA","Plumbing","CPL","60","60","1","495","433","Westmoreland","41.59"
"55","Bradfordwoods","PA","Plumbing","CPL","60","60","1","1194","522","Allegheny","41.59"
"56","Buena Vista","PA","Plumbing","CPL","60","60","1","301","205","Allegheny","41.59"
"57","Bunola","PA","Plumbing","CPL","60","60","1","134","58","Allegheny","41.59"
"58","Calumet","PA","Plumbing","CPL","60","60","1","1093","179","Westmoreland","41.59"
"59","Cheswick","PA","Plumbing","CPL","60","60","1","1661","1422","Allegheny","41.59"
"60","Coulters","PA","Plumbing","CPL","60","60","1","236","176","Allegheny","41.59"
"61","Crabtree","PA","Plumbing","CPL","60","60","1","201","410","Westmoreland","41.59"
"62","Curtisville","PA","Plumbing","CPL","60","60","1","989","268","Allegheny","41.59"
"63","Donegal","PA","Plumbing","CPL","60","60","1","89","120","Westmoreland","41.59"
"64","Dravosburg","PA","Plumbing","CPL","60","60","1","1643","639","Allegheny","41.59"
"65","East McKeesport","PA","Plumbing","CPL","60","60","1","2002","1928","Allegheny","41.59"
"66","East Pittsburgh","PA","Plumbing","CPL","60","60","1","2121","1815","Allegheny","41.59"
"67","East Vandergrift","PA","Plumbing","CPL","60","60","1","631","1631","Westmoreland","41.59"
"68","Elizabeth","PA","Plumbing","CPL","60","60","1","1371","1611","Allegheny","41.59"
"69","Export","PA","Plumbing","CPL","60","60","1","857","811","Westmoreland","41.59"
"70","Francestown","NH","Plumbing","CPL","60","60","1","133","56","Hillsborough","41.59"
"71","Grapeville","PA","Plumbing","CPL","60","60","1","421","1737","Westmoreland","41.59"
"72","Greenock","PA","Plumbing","CPL","60","60","1","1815","574","Allegheny","41.59"
"73","Harrison City","PA","Plumbing","CPL","60","60","1","96","413","Westmoreland","41.59"
"74","Harwick","PA","Plumbing","CPL","60","60","1","899","757","Allegheny","41.59"
"75","Herminie","PA","Plumbing","CPL","60","60","1","700","950","Westmoreland","41.59"
"76","Hostetter","PA","Plumbing","CPL","60","60","1","453","253","Westmoreland","41.59"
"77","Hunker","PA","Plumbing","CPL","60","60","1","297","233","Westmoreland","41.59"
"78","Laughlintown","PA","Plumbing","CPL","60","60","1","111","292","Westmoreland","41.59"
"79","Leetsdale","PA","Plumbing","CPL","60","60","1","1096","421","Allegheny","41.59"
"80","Madison","PA","Plumbing","CPL","60","60","1","355","341","Westmoreland","41.59"
"81","New Alexandria","PA","Plumbing","CPL","60","60","1","448","203","Westmoreland","41.59"
"82","New Boston","NH","Plumbing","CPL","60","60","1","245","147","Hillsborough","41.59"
"83","New Florence","PA","Plumbing","CPL","60","60","1","653","492","Westmoreland","41.59"
"84","North Versailles","PA","Plumbing","CPL","60","60","1","475","548","Allegheny","41.59"
"85","Norvelt","PA","Plumbing","CPL","60","60","1","987","192","Westmoreland","41.59"
"86","Oakdale","PA","Plumbing","CPL","60","60","1","1489","1205","Allegheny","41.59"
"87","Penn","PA","Plumbing","CPL","60","60","1","679","553","Westmoreland","41.59"
"88","Pricedale","PA","Plumbing","CPL","60","60","1","2128","724","Westmoreland","41.59"
"89","Ruffs Dale","PA","Plumbing","CPL","60","60","1","263","105","Westmoreland","41.59"
"90","Russellton","PA","Plumbing","CPL","60","60","1","1333","331","Allegheny","41.59"
"91","Seward","PA","Plumbing","CPL","60","60","1","412","670","Westmoreland","41.59"
"92","Slickville","PA","Plumbing","CPL","60","60","1","147","101","Westmoreland","41.59"
"93","Smithton","PA","Plumbing","CPL","60","60","1","406","339","Westmoreland","41.59"
"94","Sturgeon","PA","Plumbing","CPL","60","60","1","1466","466","Allegheny","41.59"
"95","Sutersville","PA","Plumbing","CPL","60","60","1","544","596","Westmoreland","41.59"
"96","United","PA","Plumbing","CPL","60","60","1","1093","179","Westmoreland","41.59"
"97","Webster","PA","Plumbing","CPL","60","60","1","65","32","Westmoreland","41.59"
"98","West Elizabeth","PA","Plumbing","CPL","60","60","1","344","818","Allegheny","41.59"
"99","Wilmerding","PA","Plumbing","CPL","60","60","1","1761","1602","Allegheny","41.59"
"100","Wyano","PA","Plumbing","CPL","60","60","1","263","105","Westmoreland","41.59"
"101","Youngstown","PA","Plumbing","CPL","60","60","1","218","604","Westmoreland","41.59"
"102","Yukon","PA","Plumbing","CPL","60","60","1","750","299","Westmoreland","41.59"
"103","New Castle","DE","Plumbing","CPL","54.5","54.5","2","5579","613","New Castle","41.53"
"104","New Stanton","PA","Plumbing","CPL","60","60","1","2515","245","Westmoreland","41.49"
"105","Verona","PA","Plumbing","CPL","60","60","1","2524","2026","Allegheny","41.43"
"106","Bakerstown","PA","Plumbing","CPL","60","60","1","2527","442","Allegheny","41.41"
"107","Delmont","PA","Plumbing","CPL","60","60","1","2610","952","Westmoreland","40.88"
"108","Derry","PA","Plumbing","CPL","60","60","1","2614","1309","Westmoreland","40.85"
"109","West Newton","PA","Plumbing","CPL","60","60","1","2621","979","Westmoreland","40.81"
"110","Golf","IL","Plumbing","CPL","58.5","58.5","1","518","472","Cook","40.55"
"111","Thornton","IL","Plumbing","CPL","58.5","58.5","1","1940","305","Cook","40.55"
"112","Kenilworth","IL","Plumbing","CPL","58.5","58.5","1","2503","1616","Cook","40.53"
"113","Marietta","GA","Plumbing","CPL","53","53","10","62263","1003","Cobb","40.42"
"114","Cumming","GA","Plumbing","CPL","49","49","3","8469","402","Forsyth","40.3"
"115","Blue Bell","PA","Plumbing","CPL","55","55","2","6424","462","Montgomery","39.61"
"116","Hyde Park","PA","Plumbing","CPL","60","60","1","2846","1995","Berks","39.49"
"117","Homestead","PA","Plumbing","CPL","60","60","1","2874","1934","Allegheny","39.33"
"118","Gibsonia","PA","Plumbing","CPL","60","60","1","2899","296","Allegheny","39.2"
"119","Youngwood","PA","Plumbing","CPL","60","60","1","2926","591","Westmoreland","39.05"
"120","Exton","PA","Plumbing","CPL","55","55","2","6772","765","Chester","38.79"
"121","Hollywood","FL","Plumbing","CPL","62.5","62.5","13","155082","2167","Broward","38.73"
"122","Imperial","PA","Plumbing","CPL","60","60","1","3001","280","Allegheny","38.66"
"123","Pitcairn","PA","Plumbing","CPL","60","60","1","3032","2341","Allegheny","38.5"
"124","Cedar Crest","MA","Plumbing","CPL","36.5","36.5","2","1730","606","Plymouth","38.35"
"125","Avondale","PA","Plumbing","CPL","55","55","1","1084","1027","Chester","38.12"
"126","Bryn Athyn","PA","Plumbing","CPL","55","55","1","1143","237","Montgomery","38.12"
"127","Chester Springs","PA","Plumbing","CPL","55","55","1","413","332","Chester","38.12"
"128","Cochranville","PA","Plumbing","CPL","55","55","1","590","148","Chester","38.12"
"129","Devon","PA","Plumbing","CPL","55","55","1","1806","1022","Chester","38.12"
"130","Glenmoore","PA","Plumbing","CPL","55","55","1","910","260","Chester","38.12"
"131","Huntingdon Valley","PA","Plumbing","CPL","55","55","1","1143","237","Montgomery","38.12"
"132","Kimberton","PA","Plumbing","CPL","55","55","1","377","305","Chester","38.12"
"133","Lincoln University","PA","Plumbing","CPL","55","55","1","2017","1655","Chester","38.12"
"134","Modena","PA","Plumbing","CPL","55","55","1","442","551","Chester","38.12"
"135","Mont Clare","PA","Plumbing","CPL","55","55","1","2313","694","Montgomery","38.12"
"136","Oaks","PA","Plumbing","CPL","55","55","1","943","278","Montgomery","38.12"
"137","Pomeroy","PA","Plumbing","CPL","55","55","1","856","750","Chester","38.12"
"138","Sadsburyville","PA","Plumbing","CPL","55","55","1","967","869","Chester","38.12"
"139","Schwenksville","PA","Plumbing","CPL","55","55","1","1385","1334","Montgomery","38.12"
"140","Spring Mount","PA","Plumbing","CPL","55","55","1","2288","1238","Montgomery","38.12"
"141","Toughkenamon","PA","Plumbing","CPL","55","55","1","804","136","Chester","38.12"
"142","Unionville","PA","Plumbing","CPL","55","55","1","652","345","Chester","38.12"
"143","Woxall","PA","Plumbing","CPL","55","55","1","1347","210","Montgomery","38.12"
"144","Boise","ID","Plumbing","CPL","68.5","68.5","22","448305","1069","Ada","38.06"
"145","Pittsburgh","PA","Plumbing","CPL","60","60","67","1729616","2117","Allegheny","37.9"
"146","Brackenridge","PA","Plumbing","CPL","60","60","1","3167","2410","Allegheny","37.83"
"147","Boyers","PA","Plumbing","CPL","36","36","2","138","83","Butler","37.82"
"148","Bridgeport","OH","Plumbing","CPL","36","36","2","1453","412","Belmont","37.82"
"149","Delaware City","DE","Plumbing","CPL","54.5","54.5","1","1950","410","New Castle","37.78"
"150","Odessa","DE","Plumbing","CPL","54.5","54.5","1","409","298","New Castle","37.78"
"151","Port Penn","DE","Plumbing","CPL","54.5","54.5","1","592","455","New Castle","37.78"
"152","Saint Georges","DE","Plumbing","CPL","54.5","54.5","1","1530","438","New Castle","37.78"
"153","Garden City","ID","Plumbing","CPL","68.5","68.5","2","12654","1181","Ada","37.62"
"154","Trafford","PA","Plumbing","CPL","60","60","1","3216","867","Westmoreland","37.6"
"155","Farmersville","TX","Plumbing","CPL","43","43","2","4018","362","Collin","37.37"
"156","Springdale","PA","Plumbing","CPL","60","60","1","3319","1388","Allegheny","37.13"
"157","Vienna","VA","Plumbing","CPL","49.5","49.5","4","16412","1435","Fairfax","37.13"
"158","Dumfries","VA","Plumbing","CPL","49.5","49.5","2","5816","1446","Prince William","37.1"
"159","Bokeelia","FL","Plumbing","CPL","53.5","53.5","1","1930","92","Lee","37.08"
"160","Captiva","FL","Plumbing","CPL","53.5","53.5","1","99","42","Lee","37.08"
"161","Pine Lake","GA","Plumbing","CPL","53.5","53.5","1","882","1515","DeKalb","37.08"
"162","Loyalhanna","PA","Plumbing","CPL","60","60","1","3349","562","Westmoreland","37"
"163","Palmetto","FL","Plumbing","CPL","69","69","2","13588","968","Manatee","36.83"
"164","Wynnewood","PA","Plumbing","CPL","55","55","1","2766","1886","Montgomery","36.61"
"165","Fort Myers","FL","Plumbing","CPL","53.5","53.5","11","95051","884","Lee","36.48"
"166","Ball Ground","GA","Plumbing","CPL","55.5","55.5","1","2856","160","Cherokee","36.47"
"167","West Grove","PA","Plumbing","CPL","55","55","1","2798","1656","Chester","36.44"
"168","Lawrenceville","GA","Plumbing","CPL","54.5","54.5","5","30954","857","Gwinnett","36.27"
"169","Delray Beach","FL","Plumbing","CPL","61","61","7","67979","1623","Palm Beach","36.26"
"170","Manor","PA","Plumbing","CPL","60","60","1","3538","717","Westmoreland","36.19"
"171","Lutz","FL","Plumbing","CPL","51.5","51.5","5","27106","422","Hillsborough","36.14"
"172","Townsend","DE","Plumbing","CPL","54.5","54.5","1","2832","1017","New Castle","35.94"
"173","Ellenton","FL","Plumbing","CPL","69","69","1","5133","637","Manatee","35.87"
"174","Fairfax","VA","Plumbing","CPL","49.5","49.5","5","25026","1514","Fairfax","35.86"
"175","Cortez","FL","Plumbing","CPL","69","69","1","5205","921","Manatee","35.67"
"176","Piedmont","SC","Plumbing","CPL","70","70","1","5462","260","Anderson","35.49"
"177","Sale Creek","TN","Plumbing","CPL","36","36","2","2955","36","Hamilton","35.38"
"178","Belmar","NJ","Plumbing","CPL","47","47","2","5869","2165","Monmouth","35.1"
"179","Irwin","PA","Plumbing","CPL","60","60","1","3831","1780","Westmoreland","35.06"
"180","Bally","PA","Plumbing","CPL","50.5","50.5","1","1161","850","Berks","35"
"181","Bechtelsville","PA","Plumbing","CPL","50.5","50.5","1","914","621","Berks","35"
"182","Bernville","PA","Plumbing","CPL","50.5","50.5","1","802","743","Berks","35"
"183","Bethel","PA","Plumbing","CPL","50.5","50.5","1","39","25","Berks","35"
"184","Bowers","PA","Plumbing","CPL","50.5","50.5","1","103","150","Berks","35"
"185","Centerport","PA","Plumbing","CPL","50.5","50.5","1","342","504","Berks","35"
"186","Douglassville","PA","Plumbing","CPL","50.5","50.5","1","279","193","Berks","35"
"187","Kempton","PA","Plumbing","CPL","50.5","50.5","1","148","80","Berks","35"
"188","Leesport","PA","Plumbing","CPL","50.5","50.5","1","2166","1175","Berks","35"
"189","Lenhartsville","PA","Plumbing","CPL","50.5","50.5","1","197","277","Berks","35"
"190","Lyon Station","PA","Plumbing","CPL","50.5","50.5","1","466","309","Berks","35"
"191","Maxatawny","PA","Plumbing","CPL","50.5","50.5","1","49","60","Berks","35"
"192","Mertztown","PA","Plumbing","CPL","50.5","50.5","1","530","231","Berks","35"
"193","Mohrsville","PA","Plumbing","CPL","50.5","50.5","1","341","55","Berks","35"
"194","Morgantown","PA","Plumbing","CPL","50.5","50.5","1","1381","455","Berks","35"
"195","Mount Aetna","PA","Plumbing","CPL","50.5","50.5","1","544","397","Berks","35"
"196","New Berlinville","PA","Plumbing","CPL","50.5","50.5","1","1432","447","Berks","35"
"197","Rehrersburg","PA","Plumbing","CPL","50.5","50.5","1","145","332","Berks","35"
"198","Robesonia","PA","Plumbing","CPL","50.5","50.5","1","2261","902","Berks","35"
"199","Shartlesville","PA","Plumbing","CPL","50.5","50.5","1","387","166","Berks","35"
"200","Shoemakersville","PA","Plumbing","CPL","50.5","50.5","1","1394","957","Berks","35"
"201","Strausstown","PA","Plumbing","CPL","50.5","50.5","1","302","67","Berks","35"
"202","Temple","PA","Plumbing","CPL","50.5","50.5","1","2135","1585","Berks","35"
"203","Topton","PA","Plumbing","CPL","50.5","50.5","1","2215","1285","Berks","35"
"204","Virginville","PA","Plumbing","CPL","50.5","50.5","1","336","130","Berks","35"
"205","Seminole","FL","Plumbing","CPL","49.5","49.5","4","19396","1439","Pinellas","34.73"
"206","Norristown","PA","Plumbing","CPL","55","51.2","5","35893","3930","Montgomery","34.49"
"207","Harleysville","PA","Plumbing","CPL","55","55","2","9090","835","Montgomery","34.48"
"208","Alburtis","PA","Plumbing","CPL","50.5","50.5","1","2598","1412","Lehigh","34.47"
"209","Hill Afb","UT","Plumbing","CPL","68.5","68.5","1","5587","1471","Davis","34.42"
"210","Wayne","IL","Plumbing","CPL","50","50","1","2562","154","DuPage","34.32"
"211","Aldie","VA","Plumbing","CPL","49.5","49.5","1","163","54","Loudoun","34.31"
"212","Atglen","PA","Plumbing","CPL","49.5","49.5","1","1272","582","Chester","34.31"
"213","Athol","ID","Plumbing","CPL","49.5","49.5","1","777","279","Kootenai","34.31"
"214","Avalon","NJ","Plumbing","CPL","49.5","49.5","1","1488","134","Cape May","34.31"
"215","Barnesville","MD","Plumbing","CPL","49.5","49.5","1","208","164","Montgomery","34.31"
"216","Bedminster","NJ","Plumbing","CPL","49.5","49.5","1","1670","122","Somerset","34.31"
"217","Belleair Beach","FL","Plumbing","CPL","49.5","49.5","1","1526","1220","Pinellas","34.31"
"218","Bluemont","VA","Plumbing","CPL","49.5","49.5","1","592","147","Clarke","34.31"
"219","Bordentown","NJ","Plumbing","CPL","49.5","49.5","1","649","864","Burlington","34.31"
"220","Bridgeport","NJ","Plumbing","CPL","49.5","49.5","1","228","236","Gloucester","34.31"
"221","Bridgeton","NJ","Plumbing","CPL","49.5","49.5","1","2011","391","Cumberland","34.31"
"222","Brookeville","MD","Plumbing","CPL","49.5","49.5","1","161","657","Montgomery","34.31"
"223","Brookside","NJ","Plumbing","CPL","49.5","49.5","1","1465","207","Morris","34.31"
"224","Cabin John","MD","Plumbing","CPL","49.5","49.5","1","2179","663","Montgomery","34.31"
"225","Cape May Point","NJ","Plumbing","CPL","49.5","49.5","1","138","291","Cape May","34.31"
"226","Cedarville","NJ","Plumbing","CPL","49.5","49.5","1","661","110","Cumberland","34.31"
"227","Chatham","NJ","Plumbing","CPL","49.5","49.5","1","1130","171","Morris","34.31"
"228","Chesterfield","NJ","Plumbing","CPL","49.5","49.5","1","900","209","Burlington","34.31"
"229","Clarksboro","NJ","Plumbing","CPL","49.5","49.5","1","1155","755","Gloucester","34.31"
"230","Clifton","VA","Plumbing","CPL","49.5","49.5","1","312","409","Fairfax","34.31"
"231","Columbus","NJ","Plumbing","CPL","49.5","49.5","1","313","67","Burlington","34.31"
"232","Cookstown","NJ","Plumbing","CPL","49.5","49.5","1","646","81","Burlington","34.31"
"233","Cranford","NJ","Plumbing","CPL","49.5","49.5","1","1937","1824","Union","34.31"
"234","Crownsville","MD","Plumbing","CPL","49.5","49.5","1","1756","129","Anne Arundel","34.31"
"235","Delmont","NJ","Plumbing","CPL","49.5","49.5","1","223","102","Cumberland","34.31"
"236","Dennisville","NJ","Plumbing","CPL","49.5","49.5","1","736","59","Cape May","34.31"
"237","Denville","NJ","Plumbing","CPL","49.5","49.5","1","1375","485","Morris","34.31"
"238","Derwood","MD","Plumbing","CPL","49.5","49.5","1","1984","1128","Montgomery","34.31"
"239","Dorchester","NJ","Plumbing","CPL","49.5","49.5","1","137","62","Cumberland","34.31"
"240","Dorothy","NJ","Plumbing","CPL","49.5","49.5","1","1225","83","Atlantic","34.31"
"241","Dublin","PA","Plumbing","CPL","49.5","49.5","1","2164","1400","Bucks","34.31"
"242","Elmer","NJ","Plumbing","CPL","49.5","49.5","1","1176","500","Salem","34.31"
"243","Elverson","PA","Plumbing","CPL","49.5","49.5","1","1458","539","Chester","34.31"
"244","Essex Fells","NJ","Plumbing","CPL","49.5","49.5","1","2361","636","Essex","34.31"
"245","Estell Manor","NJ","Plumbing","CPL","49.5","49.5","1","1565","12","Atlantic","34.31"
"246","Far Hills","NJ","Plumbing","CPL","49.5","49.5","1","948","80","Somerset","34.31"
"247","Ferndale","PA","Plumbing","CPL","49.5","49.5","1","1517","1523","Cambria","34.31"
"248","Flagtown","NJ","Plumbing","CPL","49.5","49.5","1","930","223","Somerset","34.31"
"249","Fortescue","NJ","Plumbing","CPL","49.5","49.5","1","120","326","Cumberland","34.31"
"250","Franklinville","NJ","Plumbing","CPL","49.5","49.5","1","1904","224","Gloucester","34.31"
"251","Galesville","MD","Plumbing","CPL","49.5","49.5","1","1062","353","Anne Arundel","34.31"
"252","Garrett Park","MD","Plumbing","CPL","49.5","49.5","1","932","1926","Montgomery","34.31"
"253","Gibbsboro","NJ","Plumbing","CPL","49.5","49.5","1","2435","419","Camden","34.31"
"254","Glen Echo","MD","Plumbing","CPL","49.5","49.5","1","276","1659","Montgomery","34.31"
"255","Green Village","NJ","Plumbing","CPL","49.5","49.5","1","1130","171","Morris","34.31"
"256","Greenwich","NJ","Plumbing","CPL","49.5","49.5","1","175","74","Cumberland","34.31"
"257","Hamilton","VA","Plumbing","CPL","49.5","49.5","1","589","1042","Loudoun","34.31"
"258","Hancocks Bridge","NJ","Plumbing","CPL","49.5","49.5","1","320","354","Salem","34.31"
"259","Hanscom Afb","MA","Plumbing","CPL","49.5","49.5","1","2110","756","Middlesex","34.31"
"260","Harrison","ID","Plumbing","CPL","49.5","49.5","1","190","26","Kootenai","34.31"
"261","Harrisonville","NJ","Plumbing","CPL","49.5","49.5","1","227","58","Gloucester","34.31"
"262","Haymarket","VA","Plumbing","CPL","49.5","49.5","1","1580","1070","Prince William","34.31"
"263","Heislerville","NJ","Plumbing","CPL","49.5","49.5","1","198","106","Cumberland","34.31"
"264","Helmetta","NJ","Plumbing","CPL","49.5","49.5","1","2459","1080","Middlesex","34.31"
"265","Hibernia","NJ","Plumbing","CPL","49.5","49.5","1","115","24","Morris","34.31"
"266","Highland","MD","Plumbing","CPL","49.5","49.5","1","972","126","Howard","34.31"
"267","Hillside","NJ","Plumbing","CPL","49.5","49.5","1","1362","1322","Union","34.31"
"268","Honey Brook","PA","Plumbing","CPL","49.5","49.5","1","576","272","Lancaster","34.31"
"269","Hopewell","NJ","Plumbing","CPL","49.5","49.5","1","1823","975","Mercer","34.31"
"270","Jobstown","NJ","Plumbing","CPL","49.5","49.5","1","286","30","Burlington","34.31"
"271","Juliustown","NJ","Plumbing","CPL","49.5","49.5","1","313","67","Burlington","34.31"
"272","Keasbey","NJ","Plumbing","CPL","49.5","49.5","1","2252","739","Middlesex","34.31"
"273","Kensington","MD","Plumbing","CPL","49.5","49.5","1","2369","1727","Montgomery","34.31"
"274","Kenvil","NJ","Plumbing","CPL","49.5","49.5","1","1722","560","Morris","34.31"
"275","Kingston","NJ","Plumbing","CPL","49.5","49.5","1","1670","321","Somerset","34.31"
"276","Laveen","AZ","Plumbing","CPL","49.5","49.5","1","836","51","Maricopa","34.31"
"277","Leesburg","NJ","Plumbing","CPL","49.5","49.5","1","431","60","Cumberland","34.31"
"278","Lisbon","MD","Plumbing","CPL","49.5","49.5","1","126","37","Howard","34.31"
"279","Long Valley","NJ","Plumbing","CPL","49.5","49.5","1","1720","178","Morris","34.31"
"280","Longport","NJ","Plumbing","CPL","49.5","49.5","1","901","876","Atlantic","34.31"
"281","Malaga","NJ","Plumbing","CPL","49.5","49.5","1","1693","291","Gloucester","34.31"
"282","Marmora","NJ","Plumbing","CPL","49.5","49.5","1","2039","387","Cape May","34.31"
"283","Mauricetown","NJ","Plumbing","CPL","49.5","49.5","1","365","71","Cumberland","34.31"
"284","Mendham","NJ","Plumbing","CPL","49.5","49.5","1","1465","207","Morris","34.31"
"285","Mickleton","NJ","Plumbing","CPL","49.5","49.5","1","1786","328","Gloucester","34.31"
"286","Milmay","NJ","Plumbing","CPL","49.5","49.5","1","748","45","Atlantic","34.31"
"287","Mount Royal","NJ","Plumbing","CPL","49.5","49.5","1","1155","755","Gloucester","34.31"
"288","Mount Tabor","NJ","Plumbing","CPL","49.5","49.5","1","1184","1664","Morris","34.31"
"289","New Gretna","NJ","Plumbing","CPL","49.5","49.5","1","314","114","Burlington","34.31"
"290","New Vernon","NJ","Plumbing","CPL","49.5","49.5","1","743","86","Morris","34.31"
"291","New Windsor","MD","Plumbing","CPL","49.5","49.5","1","1400","700","Carroll","34.31"
"292","Newfield","NJ","Plumbing","CPL","49.5","49.5","1","1844","402","Gloucester","34.31"
"293","Newfoundland","NJ","Plumbing","CPL","49.5","49.5","1","1361","76","Passaic","34.31"
"294","Newport","NJ","Plumbing","CPL","49.5","49.5","1","533","100","Cumberland","34.31"
"295","Newtonville","NJ","Plumbing","CPL","49.5","49.5","1","675","112","Atlantic","34.31"
"296","Newtown","PA","Plumbing","CPL","49.5","49.5","1","2224","1558","Bucks","34.31"
"297","Nokesville","VA","Plumbing","CPL","49.5","49.5","1","1226","48","Prince William","34.31"
"298","Nottingham","PA","Plumbing","CPL","49.5","49.5","1","1508","168","Chester","34.31"
"299","Occoquan","VA","Plumbing","CPL","49.5","49.5","1","910","2885","Prince William","34.31"
"300","Ocean View","NJ","Plumbing","CPL","49.5","49.5","1","728","117","Cape May","34.31"
"301","Pedricktown","NJ","Plumbing","CPL","49.5","49.5","1","424","84","Salem","34.31"
"302","Port Elizabeth","NJ","Plumbing","CPL","49.5","49.5","1","261","78","Cumberland","34.31"
"303","Port Norris","NJ","Plumbing","CPL","49.5","49.5","1","1612","103","Cumberland","34.31"
"304","Port Republic","NJ","Plumbing","CPL","49.5","49.5","1","1076","54","Atlantic","34.31"
"305","Princeton Junction","NJ","Plumbing","CPL","49.5","49.5","1","2025","390","Mercer","34.31"
"306","Rectortown","VA","Plumbing","CPL","49.5","49.5","1","45","27","Fauquier","34.31"
"307","Redington Shores","FL","Plumbing","CPL","49.5","49.5","1","2009","2398","Pinellas","34.31"
"308","Richland","NJ","Plumbing","CPL","49.5","49.5","1","639","100","Atlantic","34.31"
"309","Rocky Hill","NJ","Plumbing","CPL","49.5","49.5","1","819","516","Somerset","34.31"
"310","Rosenhayn","NJ","Plumbing","CPL","49.5","49.5","1","1308","156","Cumberland","34.31"
"311","Round Hill","VA","Plumbing","CPL","49.5","49.5","1","678","588","Loudoun","34.31"
"312","Sea Isle City","NJ","Plumbing","CPL","49.5","49.5","1","2000","364","Cape May","34.31"
"313","Shiloh","NJ","Plumbing","CPL","49.5","49.5","1","228","91","Cumberland","34.31"
"314","Silverdale","PA","Plumbing","CPL","49.5","49.5","1","1288","997","Bucks","34.31"
"315","Skillman","NJ","Plumbing","CPL","49.5","49.5","1","345","75","Somerset","34.31"
"316","South Dennis","NJ","Plumbing","CPL","49.5","49.5","1","1528","98","Cape May","34.31"
"317","South Seaville","NJ","Plumbing","CPL","49.5","49.5","1","564","89","Cape May","34.31"
"318","Spencerville","MD","Plumbing","CPL","49.5","49.5","1","1028","354","Montgomery","34.31"
"319","Spinnerstown","PA","Plumbing","CPL","49.5","49.5","1","1780","388","Bucks","34.31"
"320","Spirit Lake","ID","Plumbing","CPL","49.5","49.5","1","1972","278","Kootenai","34.31"
"321","Springfield","NJ","Plumbing","CPL","49.5","49.5","1","1304","1332","Union","34.31"
"322","Stone Harbor","NJ","Plumbing","CPL","49.5","49.5","1","893","232","Cape May","34.31"
"323","Strathmere","NJ","Plumbing","CPL","49.5","49.5","1","266","98","Cape May","34.31"
"324","Thorofare","NJ","Plumbing","CPL","49.5","49.5","1","2348","279","Gloucester","34.31"
"325","Titusville","NJ","Plumbing","CPL","49.5","49.5","1","501","490","Mercer","34.31"
"326","Tuckahoe","NJ","Plumbing","CPL","49.5","49.5","1","175","74","Cape May","34.31"
"327","Union Bridge","MD","Plumbing","CPL","49.5","49.5","1","1055","320","Carroll","34.31"
"328","Upperville","VA","Plumbing","CPL","49.5","49.5","1","61","41","Fauquier","34.31"
"329","Vincentown","NJ","Plumbing","CPL","49.5","49.5","1","531","349","Burlington","34.31"
"330","Washington Grove","MD","Plumbing","CPL","49.5","49.5","1","577","985","Montgomery","34.31"
"331","Waterford","VA","Plumbing","CPL","49.5","49.5","1","220","389","Loudoun","34.31"
"332","Waterford Works","NJ","Plumbing","CPL","49.5","49.5","1","1409","302","Camden","34.31"
"333","Wenonah","NJ","Plumbing","CPL","49.5","49.5","1","2261","872","Gloucester","34.31"
"334","West Berlin","NJ","Plumbing","CPL","49.5","49.5","1","2285","836","Camden","34.31"
"335","West Milford","NJ","Plumbing","CPL","49.5","49.5","1","2170","145","Passaic","34.31"
"336","West Orange","NJ","Plumbing","CPL","49.5","49.5","1","2145","1121","Essex","34.31"
"337","Windsor","NJ","Plumbing","CPL","49.5","49.5","1","325","128","Mercer","34.31"
"338","Woodbine","MD","Plumbing","CPL","49.5","49.5","1","126","37","Howard","34.31"
"339","Woodbine","NJ","Plumbing","CPL","49.5","49.5","1","2023","100","Cape May","34.31"
"340","Worley","ID","Plumbing","CPL","49.5","49.5","1","230","309","Kootenai","34.31"
"341","Wrightstown","NJ","Plumbing","CPL","49.5","49.5","1","448","109","Burlington","34.31"
"342","Zarephath","NJ","Plumbing","CPL","49.5","49.5","1","17","36","Somerset","34.31"
"343","Clearwater","FL","Plumbing","CPL","49.5","49.5","13","117247","1727","Pinellas","34.3"
"344","Beverly","NJ","Plumbing","CPL","49.5","49.5","1","2514","1776","Burlington","34.23"
"345","Austell","GA","Plumbing","CPL","53","53","2","8447","506","Cobb","34.21"
"346","Bay Pines","FL","Plumbing","CPL","49.5","49.5","1","2519","803","Pinellas","34.21"
"347","Conshohocken","PA","Plumbing","CPL","55","55","2","9282","3551","Montgomery","34.19"
"348","Jarrettsville","MD","Plumbing","CPL","49.5","49.5","1","2560","118","Harford","33.99"
"349","Allentown","NJ","Plumbing","CPL","49","49","1","1702","1247","Monmouth","33.96"
"350","Fort Worth","TX","Plumbing","CPL","49.5","42.9","52","963194","1033","Tarrant","33.94"
"351","Punta Gorda","FL","Plumbing","CPL","43","43","5","20278","497","Charlotte","33.89"
"352","Pipersville","PA","Plumbing","CPL","49.5","49.5","1","2592","477","Bucks","33.82"
"353","Plumsteadville","PA","Plumbing","CPL","49.5","49.5","1","2592","477","Bucks","33.82"
"354","Stirling","NJ","Plumbing","CPL","49.5","49.5","1","2599","474","Morris","33.78"
"355","Wyncote","PA","Plumbing","CPL","55","55","1","3389","1579","Montgomery","33.75"
"356","Boynton Beach","FL","Plumbing","CPL","61","61","7","81435","1929","Palm Beach","33.73"
"357","Pemberton","NJ","Plumbing","CPL","49.5","49.5","1","2619","1054","Burlington","33.68"
"358","New Hope","PA","Plumbing","CPL","49.5","49.5","1","2622","797","Bucks","33.66"
"359","New Kensington","PA","Plumbing","CPL","60","60","2","12011","1180","Westmoreland","33.65"
"360","Tarentum","PA","Plumbing","CPL","60","60","1","4249","1345","Allegheny","33.64"
"361","Malvern","PA","Plumbing","CPL","55","55","1","3435","1050","Chester","33.57"
"362","Wernersville","PA","Plumbing","CPL","50.5","50.5","1","2786","1421","Berks","33.52"
"363","Tacoma","WA","Plumbing","CPL","49.5","49.5","19","222758","1712","Pierce","33.32"
"364","Scottdale","PA","Plumbing","CPL","60","60","1","4363","1455","Westmoreland","33.28"
"365","Adamstown","MD","Plumbing","CPL","48","48","1","2025","864","Frederick","33.27"
"366","Buckeystown","MD","Plumbing","CPL","48","48","1","1192","557","Frederick","33.27"
"367","Burkittsville","MD","Plumbing","CPL","48","48","1","135","122","Frederick","33.27"
"368","Glassport","PA","Plumbing","CPL","60","60","1","4368","1074","Allegheny","33.27"
"369","Libertytown","MD","Plumbing","CPL","48","48","1","1346","219","Frederick","33.27"
"370","Myersville","MD","Plumbing","CPL","48","48","1","2358","820","Frederick","33.27"
"371","New Market","MD","Plumbing","CPL","48","48","1","1603","346","Frederick","33.27"
"372","Point Of Rocks","MD","Plumbing","CPL","48","48","1","2462","804","Frederick","33.27"
"373","Bryn Mawr","PA","Plumbing","CPL","67.5","67.5","1","5880","2330","Montgomery","33.23"
"374","Lovettsville","VA","Plumbing","CPL","49.5","49.5","1","2719","1167","Loudoun","33.18"
"375","Buford","GA","Plumbing","CPL","54.5","54.5","3","17997","358","Gwinnett","33.16"
"376","Dover","FL","Plumbing","CPL","51.5","51.5","1","3009","469","Hillsborough","33.15"
"377","Goffstown","NH","Plumbing","CPL","60","60","1","4418","1064","Hillsborough","33.12"
"378","Norwood","PA","Plumbing","CPL","67.5","67.5","1","5934","2936","Delaware","33.11"
"379","Swedesboro","NJ","Plumbing","CPL","49.5","49.5","1","2733","1436","Gloucester","33.11"
"380","New Castle","PA","Plumbing","CPL","43","43","5","21579","1010","Lawrence","33.06"
"381","Womelsdorf","PA","Plumbing","CPL","50.5","50.5","1","2904","1284","Berks","32.97"
"382","Sharon Hill","PA","Plumbing","CPL","67.5","67.5","1","6002","2991","Delaware","32.96"
"383","Cape May","NJ","Plumbing","CPL","49.5","49.5","1","2767","435","Cape May","32.95"
"384","Whitesboro","NJ","Plumbing","CPL","49.5","49.5","1","2766","321","Cape May","32.95"
"385","Union","NJ","Plumbing","CPL","49.5","49.5","1","2774","2859","Union","32.91"
"386","Hometown","IL","Plumbing","CPL","58.5","58.5","1","4215","3422","Cook","32.9"
"387","Mohnton","PA","Plumbing","CPL","50.5","50.5","1","2922","1478","Berks","32.89"
"388","Alva","FL","Plumbing","CPL","53.5","53.5","1","3389","73","Lee","32.83"
"389","Saint James City","FL","Plumbing","CPL","53.5","53.5","1","3412","102","Lee","32.75"
"390","Spring City","PA","Plumbing","CPL","55","55","1","3657","1786","Chester","32.74"
"391","Chestertown","MD","Plumbing","CPL","43","41.25","2","5594","744","Kent","32.73"
"392","Pennington","NJ","Plumbing","CPL","49.5","49.5","1","2827","1124","Mercer","32.66"
"393","Gambrills","MD","Plumbing","CPL","49.5","49.5","1","2830","146","Anne Arundel","32.65"
"394","Gillette","NJ","Plumbing","CPL","49.5","49.5","1","2833","245","Morris","32.64"
"395","Allenhurst","NJ","Plumbing","CPL","47","47","1","376","841","Monmouth","32.58"
"396","Allenwood","NJ","Plumbing","CPL","47","47","1","757","160","Monmouth","32.58"
"397","Avon By The Sea","NJ","Plumbing","CPL","47","47","1","2030","1634","Monmouth","32.58"
"398","Belford","NJ","Plumbing","CPL","47","47","1","1636","625","Monmouth","32.58"
"399","Cream Ridge","NJ","Plumbing","CPL","47","47","1","727","61","Monmouth","32.58"
"400","Deal","NJ","Plumbing","CPL","47","47","1","686","206","Monmouth","32.58"
"401","Englishtown","NJ","Plumbing","CPL","47","47","1","1989","1406","Monmouth","32.58"
"402","Farmingdale","NJ","Plumbing","CPL","47","47","1","1449","1038","Monmouth","32.58"
"403","Jackson","NJ","Plumbing","CPL","47","47","1","2133","257","Ocean","32.58"
"404","Lavallette","NJ","Plumbing","CPL","47","47","1","1865","869","Ocean","32.58"
"405","Leonardo","NJ","Plumbing","CPL","47","47","1","2493","1521","Monmouth","32.58"
"406","Mantoloking","NJ","Plumbing","CPL","47","47","1","481","468","Ocean","32.58"
"407","Marlboro","NJ","Plumbing","CPL","47","47","1","76","72","Cumberland","32.58"
"408","New Egypt","NJ","Plumbing","CPL","47","47","1","2050","190","Ocean","32.58"
"409","Roosevelt","NJ","Plumbing","CPL","47","47","1","996","211","Monmouth","32.58"
"410","Sea Girt","NJ","Plumbing","CPL","47","47","1","1980","720","Monmouth","32.58"
"411","Seaside Heights","NJ","Plumbing","CPL","47","47","1","2478","1246","Ocean","32.58"
"412","Seffner","FL","Plumbing","CPL","51.5","51.5","2","8885","910","Hillsborough","32.58"
"413","Toms River","NJ","Plumbing","CPL","47","47","3","12995","835","Ocean","32.57"
"414","Clearfield","UT","Plumbing","CPL","68.5","68.5","3","33523","1650","Davis","32.5"
"415","Bridgeville","PA","Plumbing","CPL","60","60","1","4686","1670","Allegheny","32.35"
"416","Avondale Estates","GA","Plumbing","CPL","53.5","53.5","1","3530","1113","DeKalb","32.3"
"417","Cherry Hill","NJ","Plumbing","CPL","49.5","49.5","3","15173","1570","Camden","32.24"
"418","Bensalem","PA","Plumbing","CPL","46.5","46.5","1","2251","1506","Bucks","32.23"
"419","Brandy Station","VA","Plumbing","CPL","46.5","46.5","1","237","53","Culpeper","32.23"
"420","Bristol","PA","Plumbing","CPL","46.5","46.5","1","2358","602","Bucks","32.23"
"421","Catlett","VA","Plumbing","CPL","46.5","46.5","1","290","17","Fauquier","32.23"
"422","Green Lane","PA","Plumbing","CPL","46.5","46.5","1","511","555","Montgomery","32.23"
"423","Middletown","VA","Plumbing","CPL","46.5","46.5","1","1786","814","Frederick","32.23"
"424","Midland","VA","Plumbing","CPL","46.5","46.5","1","122","20","Fauquier","32.23"
"425","Milford Square","PA","Plumbing","CPL","46.5","46.5","1","1312","534","Bucks","32.23"
"426","Remington","VA","Plumbing","CPL","46.5","46.5","1","989","545","Fauquier","32.23"
"427","Richlandtown","PA","Plumbing","CPL","46.5","46.5","1","1209","1175","Bucks","32.23"
"428","Riegelsville","PA","Plumbing","CPL","46.5","46.5","1","860","316","Bucks","32.23"
"429","The Plains","VA","Plumbing","CPL","46.5","46.5","1","164","238","Fauquier","32.23"
"430","Trumbauersville","PA","Plumbing","CPL","46.5","46.5","1","772","899","Bucks","32.23"
"431","Medina","WA","Plumbing","CPL","49.5","49.5","1","2928","777","King","32.21"
"432","Red Hill","PA","Plumbing","CPL","46.5","46.5","1","2513","1468","Montgomery","32.16"
"433","Stone Park","IL","Plumbing","CPL","58.5","58.5","1","4482","4974","Cook","32.1"
"434","Prospect Park","PA","Plumbing","CPL","67.5","67.5","1","6417","3378","Delaware","32.09"
"435","Thorndale","PA","Plumbing","CPL","55","55","1","3854","858","Chester","32.06"
"436","Spotsylvania","VA","Plumbing","CPL","46.5","46.5","2","7180","244","Spotsylvania","32.03"
"437","Sewell","NJ","Plumbing","CPL","49.5","49.5","1","2982","594","Gloucester","31.97"
"438","Somerset","PA","Plumbing","CPL","43","43","2","5944","847","Somerset","31.95"
"439","Alexandria","VA","Plumbing","CPL","49.5","49.5","14","156976","4053","Alexandria","31.91"
"440","Robbins","IL","Plumbing","CPL","58.5","58.5","1","4556","1321","Cook","31.89"
"441","Elberta","UT","Plumbing","CPL","46","46","1","170","106","Utah","31.88"
"442","Goshen","UT","Plumbing","CPL","46","46","1","838","389","Utah","31.88"
"443","Swarthmore","PA","Plumbing","CPL","67.5","67.5","1","6550","1799","Delaware","31.83"
"444","South Bay","FL","Plumbing","CPL","61","61","1","5102","651","Palm Beach","31.79"
"445","National Park","NJ","Plumbing","CPL","49.5","49.5","1","3044","1165","Gloucester","31.71"
"446","San Luis Obispo","CA","Plumbing","CPL","43","43","8","48491","1360","San Luis Obispo","31.7"
"447","Philadelphia","PA","Plumbing","CPL","70","69.97","86","5782653","4549","Philadelphia","31.69"
"448","Lakehurst","NJ","Plumbing","CPL","47","47","1","2681","1150","Ocean","31.68"
"449","West Chester","PA","Plumbing","CPL","55","55","3","20666","4023","Chester","31.66"
"450","Stafford","VA","Plumbing","CPL","46.5","46.5","2","7481","939","Stafford","31.51"
"451","Turtle Creek","PA","Plumbing","CPL","60","60","1","5007","2002","Allegheny","31.5"
"452","Vandergrift","PA","Plumbing","CPL","60","60","1","5011","1427","Westmoreland","31.49"
"453","Melrose Park","IL","Plumbing","CPL","58.5","58.5","3","24549","2174","Cook","31.44"
"454","St. Pete Beach","FL","Plumbing","CPL","49.5","49.5","2","8805","1604","Pinellas","31.43"
"455","Folcroft","PA","Plumbing","CPL","67.5","67.5","1","6772","2092","Delaware","31.41"
"456","Olympia Fields","IL","Plumbing","CPL","58.5","58.5","1","4734","609","Cook","31.41"
"457","Woodbury Heights","NJ","Plumbing","CPL","49.5","49.5","1","3117","965","Gloucester","31.41"
"458","Braddock Heights","MD","Plumbing","CPL","48","48","1","2892","189","Frederick","31.39"
"459","Merrimack","NH","Plumbing","CPL","60","60","1","5081","557","Hillsborough","31.32"
"460","Clifton Heights","PA","Plumbing","CPL","67.5","67.5","1","6832","4178","Delaware","31.3"
"461","Spring Lake","NJ","Plumbing","CPL","47","47","1","2779","806","Monmouth","31.23"
"462","Palos Park","IL","Plumbing","CPL","58.5","58.5","1","4816","289","Cook","31.19"
"463","Duquesne","PA","Plumbing","CPL","60","60","1","5149","1103","Allegheny","31.15"
"464","Lawnside","NJ","Plumbing","CPL","49.5","49.5","1","3200","843","Camden","31.08"
"465","Joint Base Mdl","NJ","Plumbing","CPL","47","43.25","2","7984","322","Burlington","31.03"
"466","Millington","NJ","Plumbing","CPL","49.5","49.5","1","3220","445","Morris","31.01"
"467","Greensburg","PA","Plumbing","CPL","60","60","2","14741","1410","Westmoreland","31"
"468","Greenville","SC","Plumbing","CPL","70","70","14","402612","914","Greenville","30.96"
"469","Absecon","NJ","Plumbing","CPL","49.5","49.5","2","9170","635","Atlantic","30.92"
"470","Forest Park","IL","Plumbing","CPL","58.5","58.5","2","13943","2251","Cook","30.91"
"471","Sewaren","NJ","Plumbing","CPL","49.5","49.5","1","3248","1010","Middlesex","30.9"
"472","Ayer","MA","Plumbing","CPL","44.5","44.5","1","1723","107","Worcester","30.84"
"473","Devens","MA","Plumbing","CPL","44.5","44.5","1","1723","107","Worcester","30.84"
"474","Pepperell","MA","Plumbing","CPL","44.5","44.5","1","1949","541","Middlesex","30.84"
"475","Jupiter","FL","Plumbing","CPL","61","61","5","61883","1091","Palm Beach","30.77"
"476","Nokomis","FL","Plumbing","CPL","50.5","50.5","1","3452","672","Sarasota","30.77"
"477","Lake Worth","FL","Plumbing","CPL","61","61","5","62146","2792","Palm Beach","30.71"
"478","Plant City","FL","Plumbing","CPL","51.5","51.5","5","40887","517","Hillsborough","30.66"
"479","Glenolden","PA","Plumbing","CPL","67.5","67.5","1","7220","2855","Delaware","30.61"
"480","Ridley Park","PA","Plumbing","CPL","67.5","67.5","1","7261","2593","Delaware","30.54"
"481","Coraopolis","PA","Plumbing","CPL","60","60","1","5417","1586","Allegheny","30.52"
"482","Calhan","CO","Plumbing","CPL","44","44","1","620","217","El Paso","30.5"
"483","Cascade","CO","Plumbing","CPL","44","44","1","1412","34","El Paso","30.5"
"484","Elbert","CO","Plumbing","CPL","44","44","1","164","106","Elbert","30.5"
"485","Green Mountain Falls","CO","Plumbing","CPL","44","44","1","459","239","El Paso","30.5"
"486","Peyton","CO","Plumbing","CPL","44","44","1","139","20","El Paso","30.5"
"487","Greer","SC","Plumbing","CPL","70","70","3","41536","644","Greenville","30.48"
"488","Berkeley","IL","Plumbing","CPL","58.5","58.5","1","5199","1439","Cook","30.25"
"489","Schaumburg","IL","Plumbing","CPL","58.5","58.5","6","76868","1529","Cook","30.18"
"490","Roebling","NJ","Plumbing","CPL","49.5","49.5","1","3452","1400","Burlington","30.16"
"491","Narberth","PA","Plumbing","CPL","55","55","1","4511","3441","Montgomery","30.11"
"492","Middletown","NJ","Plumbing","CPL","47","47","1","3046","975","Monmouth","30.1"
"493","Port Monmouth","NJ","Plumbing","CPL","47","47","1","3046","975","Monmouth","30.1"
"494","Lauderdale-by-the-Sea","FL","Plumbing","CPL","62.5","62.5","1","6232","2712","Broward","30.06"
"495","Posen","IL","Plumbing","CPL","58.5","58.5","1","5292","1761","Cook","30.04"
"496","Rio Grande","NJ","Plumbing","CPL","49.5","49.5","1","3485","470","Cape May","30.04"
"497","Port Reading","NJ","Plumbing","CPL","49.5","49.5","1","3511","738","Middlesex","29.95"
"498","Ocean Grove","NJ","Plumbing","CPL","47","47","1","3092","2608","Monmouth","29.92"
"499","Palmer Lake","CO","Plumbing","CPL","44","44","1","2623","329","El Paso","29.92"
"500","Travelers Rest","SC","Plumbing","CPL","70","70","1","8370","503","Greenville","29.92"
"501","Acosta","PA","Plumbing","CPL","43","43","1","301","346","Somerset","29.81"
"502","Alverda","PA","Plumbing","CPL","43","43","1","159","82","Indiana","29.81"
"503","Avila Beach","CA","Plumbing","CPL","43","43","1","1303","87","San Luis Obispo","29.81"
"504","Berlin","PA","Plumbing","CPL","43","43","1","139","137","Somerset","29.81"
"505","Bessemer","PA","Plumbing","CPL","43","43","1","881","218","Lawrence","29.81"
"506","Bethany Beach","DE","Plumbing","CPL","43","43","1","905","310","Sussex","29.81"
"507","Bethel","DE","Plumbing","CPL","43","43","1","375","378","Sussex","29.81"
"508","Bethlehem","GA","Plumbing","CPL","43","43","1","707","99","Barrow","29.81"
"509","Betterton","MD","Plumbing","CPL","43","43","1","391","140","Kent","29.81"
"510","Blue Ridge","TX","Plumbing","CPL","43","43","1","1104","348","Collin","29.81"
"511","Boswell","PA","Plumbing","CPL","43","43","1","1153","738","Somerset","29.81"
"512","Cairnbrook","PA","Plumbing","CPL","43","43","1","419","215","Somerset","29.81"
"513","Campobello","SC","Plumbing","CPL","43","43","1","776","123","Spartanburg","29.81"
"514","Cayucos","CA","Plumbing","CPL","43","43","1","2427","314","San Luis Obispo","29.81"
"515","Central City","PA","Plumbing","CPL","43","43","1","1105","755","Somerset","29.81"
"516","Cheswold","DE","Plumbing","CPL","43","43","1","2143","385","Kent","29.81"
"517","Clifton","SC","Plumbing","CPL","43","43","1","792","310","Spartanburg","29.81"
"518","Clune","PA","Plumbing","CPL","43","43","1","680","43","Indiana","29.81"
"519","Clymer","PA","Plumbing","CPL","43","43","1","1106","769","Indiana","29.81"
"520","Colbert","WA","Plumbing","CPL","43","43","1","323","13","Spokane","29.81"
"521","Commodore","PA","Plumbing","CPL","43","43","1","148","85","Indiana","29.81"
"522","Confluence","PA","Plumbing","CPL","43","43","1","577","143","Somerset","29.81"
"523","Contoocook","NH","Plumbing","CPL","43","43","1","1376","230","Merrimack","29.81"
"524","Converse","SC","Plumbing","CPL","43","43","1","463","237","Spartanburg","29.81"
"525","Coral","PA","Plumbing","CPL","43","43","1","214","647","Indiana","29.81"
"526","Creekside","PA","Plumbing","CPL","43","43","1","336","226","Indiana","29.81"
"527","Cross Anchor","SC","Plumbing","CPL","43","43","1","98","44","Spartanburg","29.81"
"528","Dagsboro","DE","Plumbing","CPL","43","43","1","1376","362","Sussex","29.81"
"529","Davidsville","PA","Plumbing","CPL","43","43","1","826","162","Somerset","29.81"
"530","Delmar","DE","Plumbing","CPL","43","43","1","2412","485","Sussex","29.81"
"531","Dixonville","PA","Plumbing","CPL","43","43","1","756","295","Indiana","29.81"
"532","Drayton","SC","Plumbing","CPL","43","43","1","1452","287","Spartanburg","29.81"
"533","Edinburg","PA","Plumbing","CPL","43","43","1","196","149","Lawrence","29.81"
"534","Ellendale","DE","Plumbing","CPL","43","43","1","760","614","Sussex","29.81"
"535","Enon Valley","PA","Plumbing","CPL","43","43","1","458","293","Lawrence","29.81"
"536","Enoree","SC","Plumbing","CPL","43","43","1","370","118","Spartanburg","29.81"
"537","Ernest","PA","Plumbing","CPL","43","43","1","366","550","Indiana","29.81"
"538","Fairfield","WA","Plumbing","CPL","43","43","1","621","381","Spokane","29.81"
"539","Fairforest","SC","Plumbing","CPL","43","43","1","1727","316","Spartanburg","29.81"
"540","Fairhope","PA","Plumbing","CPL","43","43","1","1082","508","Fayette","29.81"
"541","Felton","DE","Plumbing","CPL","43","43","1","1294","553","Kent","29.81"
"542","Fenwick Island","DE","Plumbing","CPL","43","43","1","401","482","Sussex","29.81"
"543","Fingerville","SC","Plumbing","CPL","43","43","1","204","124","Spartanburg","29.81"
"544","Four Lakes","WA","Plumbing","CPL","43","43","1","322","61","Spokane","29.81"
"545","Frankford","DE","Plumbing","CPL","43","43","1","1215","294","Sussex","29.81"
"546","Frederica","DE","Plumbing","CPL","43","43","1","1062","216","Kent","29.81"
"547","Friedens","PA","Plumbing","CPL","43","43","1","1018","120","Somerset","29.81"
"548","Galena","MD","Plumbing","CPL","43","43","1","728","728","Kent","29.81"
"549","Garrett","PA","Plumbing","CPL","43","43","1","403","328","Somerset","29.81"
"550","Glen Campbell","PA","Plumbing","CPL","43","43","1","166","70","Indiana","29.81"
"551","Glendale","SC","Plumbing","CPL","43","43","1","211","477","Spartanburg","29.81"
"552","Gramling","SC","Plumbing","CPL","43","43","1","95","34","Spartanburg","29.81"
"553","Gray","PA","Plumbing","CPL","43","43","1","252","40","Somerset","29.81"
"554","Greenwood","DE","Plumbing","CPL","43","43","1","1564","875","Sussex","29.81"
"555","Hartly","DE","Plumbing","CPL","43","43","1","199","207","Kent","29.81"
"556","Heilwood","PA","Plumbing","CPL","43","43","1","239","70","Indiana","29.81"
"557","Hillsville","PA","Plumbing","CPL","43","43","1","400","148","Lawrence","29.81"
"558","Hollsopple","PA","Plumbing","CPL","43","43","1","826","162","Somerset","29.81"
"559","Home","PA","Plumbing","CPL","43","43","1","174","175","Indiana","29.81"
"560","Homer City","PA","Plumbing","CPL","43","43","1","1778","1200","Indiana","29.81"
"561","Hooversville","PA","Plumbing","CPL","43","43","1","666","414","Somerset","29.81"
"562","Houston","DE","Plumbing","CPL","43","43","1","456","402","Kent","29.81"
"563","Jennerstown","PA","Plumbing","CPL","43","43","1","1115","232","Somerset","29.81"
"564","Jerome","PA","Plumbing","CPL","43","43","1","611","96","Somerset","29.81"
"565","Kennedyville","MD","Plumbing","CPL","43","43","1","205","153","Kent","29.81"
"566","Kent","PA","Plumbing","CPL","43","43","1","680","43","Indiana","29.81"
"567","Kenton","DE","Plumbing","CPL","43","43","1","355","324","Kent","29.81"
"568","Latah","WA","Plumbing","CPL","43","43","1","235","208","Spokane","29.81"
"569","Lincoln","DE","Plumbing","CPL","43","43","1","1873","225","Sussex","29.81"
"570","Lucernemines","PA","Plumbing","CPL","43","43","1","615","351","Indiana","29.81"
"571","Magnolia","DE","Plumbing","CPL","43","43","1","274","583","Kent","29.81"
"572","Marion Center","PA","Plumbing","CPL","43","43","1","436","247","Indiana","29.81"
"573","Mayo","SC","Plumbing","CPL","43","43","1","2305","249","Spartanburg","29.81"
"574","McIntyre","PA","Plumbing","CPL","43","43","1","680","43","Indiana","29.81"
"575","Meyersdale","PA","Plumbing","CPL","43","43","1","2103","974","Somerset","29.81"
"576","Millington","MD","Plumbing","CPL","43","43","1","469","263","Kent","29.81"
"577","Millville","DE","Plumbing","CPL","43","43","1","2430","312","Sussex","29.81"
"578","Nevada","TX","Plumbing","CPL","43","43","1","1319","209","Collin","29.81"
"579","New Baltimore","PA","Plumbing","CPL","43","43","1","139","137","Somerset","29.81"
"580","New Bedford","PA","Plumbing","CPL","43","43","1","813","142","Lawrence","29.81"
"581","New Galilee","PA","Plumbing","CPL","43","43","1","320","230","Beaver","29.81"
"582","Newbury","NH","Plumbing","CPL","43","43","1","100","30","Merrimack","29.81"
"583","Pacolet","SC","Plumbing","CPL","43","43","1","2419","145","Spartanburg","29.81"
"584","Pacolet Mills","SC","Plumbing","CPL","43","43","1","2419","145","Spartanburg","29.81"
"585","Pauline","SC","Plumbing","CPL","43","43","1","447","69","Spartanburg","29.81"
"586","Plumville","PA","Plumbing","CPL","43","43","1","174","175","Indiana","29.81"
"587","Pulaski","PA","Plumbing","CPL","43","43","1","85","96","Lawrence","29.81"
"588","Rehoboth Beach","DE","Plumbing","CPL","43","43","1","1370","456","Sussex","29.81"
"589","Reidville","SC","Plumbing","CPL","43","43","1","2194","429","Spartanburg","29.81"
"590","Robinson","PA","Plumbing","CPL","43","43","1","526","254","Indiana","29.81"
"591","Rock Hall","MD","Plumbing","CPL","43","43","1","1215","383","Kent","29.81"
"592","Rockford","WA","Plumbing","CPL","43","43","1","493","237","Spokane","29.81"
"593","Rockwood","PA","Plumbing","CPL","43","43","1","793","502","Somerset","29.81"
"594","Rossiter","PA","Plumbing","CPL","43","43","1","652","125","Indiana","29.81"
"595","Salisbury","PA","Plumbing","CPL","43","43","1","587","431","Somerset","29.81"
"596","Saltsburg","PA","Plumbing","CPL","43","43","1","738","968","Indiana","29.81"
"597","San Simeon","CA","Plumbing","CPL","43","43","1","217","146","San Luis Obispo","29.81"
"598","Santa Margarita","CA","Plumbing","CPL","43","43","1","1149","496","San Luis Obispo","29.81"
"599","Schneider","IN","Plumbing","CPL","43","43","1","230","93","Lake","29.81"
"600","Shandon","CA","Plumbing","CPL","43","43","1","1169","136","San Luis Obispo","29.81"
"601","Shanksville","PA","Plumbing","CPL","43","43","1","183","157","Somerset","29.81"
"602","Shelby","IN","Plumbing","CPL","43","43","1","164","78","Lake","29.81"
"603","Shelocta","PA","Plumbing","CPL","43","43","1","48","166","Indiana","29.81"
"604","Smicksburg","PA","Plumbing","CPL","43","43","1","41","81","Indiana","29.81"
"605","Spangle","WA","Plumbing","CPL","43","43","1","322","413","Spokane","29.81"
"606","Startex","SC","Plumbing","CPL","43","43","1","668","149","Spartanburg","29.81"
"607","Still Pond","MD","Plumbing","CPL","43","43","1","102","116","Kent","29.81"
"608","Stoystown","PA","Plumbing","CPL","43","43","1","354","474","Somerset","29.81"
"609","Talmo","GA","Plumbing","CPL","43","43","1","369","46","Jackson","29.81"
"610","Ursina","PA","Plumbing","CPL","43","43","1","209","93","Somerset","29.81"
"611","Vintondale","PA","Plumbing","CPL","43","43","1","390","345","Cambria","29.81"
"612","Viola","DE","Plumbing","CPL","43","43","1","178","234","Kent","29.81"
"613","Volant","PA","Plumbing","CPL","43","43","1","89","190","Lawrence","29.81"
"614","Wampum","PA","Plumbing","CPL","43","43","1","502","195","Lawrence","29.81"
"615","Waverly","WA","Plumbing","CPL","43","43","1","166","153","Spokane","29.81"
"616","Wellersburg","PA","Plumbing","CPL","43","43","1","147","75","Somerset","29.81"
"617","West Pittsburg","PA","Plumbing","CPL","43","43","1","909","365","Lawrence","29.81"
"618","Weston","TX","Plumbing","CPL","43","43","1","284","19","Collin","29.81"
"619","Woodside","DE","Plumbing","CPL","43","43","1","475","271","Kent","29.81"
"620","Worton","MD","Plumbing","CPL","43","43","1","126","57","Kent","29.81"
"621","McKees Rocks","PA","Plumbing","CPL","60","60","1","5786","2131","Allegheny","29.73"
"622","Jefferson","MD","Plumbing","CPL","48","48","1","3314","401","Frederick","29.72"
"623","Oceano","CA","Plumbing","CPL","43","43","2","7128","1784","San Luis Obispo","29.71"
"624","Snohomish","WA","Plumbing","CPL","49.5","49.5","2","10239","1116","Snohomish","29.59"
"625","Jenkintown","PA","Plumbing","CPL","55","55","1","4727","3100","Montgomery","29.55"
"626","Feasterville Trevose","PA","Plumbing","CPL","49.5","49.5","1","3635","2028","Bucks","29.54"
"627","Trenton","NJ","Plumbing","CPL","49.5","42.75","22","375343","4567","Mercer","29.53"
"628","Annapolis","MD","Plumbing","CPL","49.5","49.5","5","40720","2183","Anne Arundel","29.52"
"629","Monmouth Beach","NJ","Plumbing","CPL","47","47","1","3207","1186","Monmouth","29.49"
"630","East Rochester","OH","Plumbing","CPL","42.5","42.5","1","188","227","Columbiana","29.46"
"631","Guilford","CT","Plumbing","CPL","42.5","42.5","1","2263","402","South Central Connecticut","29.46"
"632","Hanoverton","OH","Plumbing","CPL","42.5","42.5","1","393","235","Columbiana","29.46"
"633","Homeworth","OH","Plumbing","CPL","42.5","42.5","1","423","151","Columbiana","29.46"
"634","Kensington","OH","Plumbing","CPL","42.5","42.5","1","218","85","Columbiana","29.46"
"635","Leetonia","OH","Plumbing","CPL","42.5","42.5","1","1862","324","Columbiana","29.46"
"636","Madison","CT","Plumbing","CPL","42.5","42.5","1","1981","344","South Central Connecticut","29.46"
"637","Negley","OH","Plumbing","CPL","42.5","42.5","1","288","124","Columbiana","29.46"
"638","Netcong","NJ","Plumbing","CPL","49.5","49.5","1","3659","1644","Morris","29.46"
"639","New Waterford","OH","Plumbing","CPL","42.5","42.5","1","950","419","Columbiana","29.46"
"640","Penney Farms","FL","Plumbing","CPL","42.5","42.5","1","642","152","Clay","29.46"
"641","Rogers","OH","Plumbing","CPL","42.5","42.5","1","164","192","Columbiana","29.46"
"642","Salineville","OH","Plumbing","CPL","42.5","42.5","1","992","166","Columbiana","29.46"
"643","Summitville","OH","Plumbing","CPL","42.5","42.5","1","218","85","Columbiana","29.46"
"644","Washingtonville","OH","Plumbing","CPL","42.5","42.5","1","601","404","Columbiana","29.46"
"645","Indian Rocks Beach","FL","Plumbing","CPL","49.5","49.5","1","3664","1676","Pinellas","29.45"
"646","Carefree","AZ","Plumbing","CPL","49.5","49.5","1","3683","161","Maricopa","29.38"
"647","Gibbstown","NJ","Plumbing","CPL","49.5","49.5","1","3685","821","Gloucester","29.38"
"648","Crossville","TN","Plumbing","CPL","35","35","4","12428","232","Cumberland","29.35"
"649","East Greenville","PA","Plumbing","CPL","46.5","46.5","1","3169","2372","Montgomery","29.31"
"650","Woodstown","NJ","Plumbing","CPL","49.5","49.5","1","3715","905","Salem","29.28"
"651","Kensington Park","FL","Plumbing","CPL","50.5","50.5","1","3916","1422","Sarasota","29.25"
"652","Laurel","MD","Plumbing","CPL","49.5","49.5","4","29798","2401","Prince George's","29.25"
"653","Clairton","PA","Plumbing","CPL","60","60","1","6044","851","Allegheny","29.22"
"654","Bel Air","MD","Plumbing","CPL","49.5","49.5","2","10585","1350","Harford","29.2"
"655","Marshall","VA","Plumbing","CPL","46.5","46.5","1","3219","430","Fauquier","29.13"
"656","Royersford","PA","Plumbing","CPL","55","55","1","4945","2410","Montgomery","29.02"
"657","Grayson","GA","Plumbing","CPL","54.5","54.5","1","4858","743","Gwinnett","28.96"
"658","Puyallup","WA","Plumbing","CPL","49.5","49.5","5","42746","1146","Pierce","28.95"
"659","Eagleville","PA","Plumbing","CPL","55","55","1","4985","1100","Montgomery","28.93"
"660","Brookhaven","PA","Plumbing","CPL","67.5","67.5","1","8331","1873","Delaware","28.91"
"661","Flourtown","PA","Plumbing","CPL","55","55","1","4992","1316","Montgomery","28.91"
"662","Princeton","NJ","Plumbing","CPL","49.5","46.13","4","30756","655","Mercer","28.88"
"663","Monrovia","MD","Plumbing","CPL","48","48","1","3568","503","Frederick","28.86"
"664","Fleetwood","PA","Plumbing","CPL","50.5","50.5","1","4064","1496","Berks","28.82"
"665","Willow Springs","IL","Plumbing","CPL","58.5","58.5","1","5868","546","Cook","28.82"
"666","Barkhamsted","CT","Plumbing","CPL","41.5","41.5","1","219","260","Northwest Hills","28.77"
"667","New Hartford","CT","Plumbing","CPL","41.5","41.5","1","1373","205","Northwest Hills","28.77"
"668","Pine Meadow","CT","Plumbing","CPL","41.5","41.5","1","1373","205","Northwest Hills","28.77"
"669","Simpsonville","SC","Plumbing","CPL","70","70","2","26144","1000","Greenville","28.76"
"670","Springfield","VA","Plumbing","CPL","49.5","49.5","4","31154","1520","Fairfax","28.74"
"671","Bridgeville","DE","Plumbing","CPL","43","43","1","2745","212","Sussex","28.71"
"672","Merchantville","NJ","Plumbing","CPL","49.5","49.5","1","3905","2482","Camden","28.7"
"673","Belleville","NJ","Plumbing","CPL","49.5","49.5","1","3917","7979","Essex","28.67"
"674","Bridgeview","IL","Plumbing","CPL","58.5","58.5","2","16849","1566","Cook","28.65"
"675","Lawrence Township","NJ","Plumbing","CPL","49.5","49.5","1","3924","1463","Mercer","28.65"
"676","Parkesburg","PA","Plumbing","CPL","49.5","49.5","1","3937","1185","Chester","28.61"
"677","Warminster","PA","Plumbing","CPL","49.5","49.5","1","3940","2458","Bucks","28.6"
"678","Laurel","FL","Plumbing","CPL","50.5","50.5","2","11741","505","Sarasota","28.58"
"679","Oaklyn","NJ","Plumbing","CPL","49.5","49.5","1","3947","2421","Camden","28.58"
"680","Spring House","PA","Plumbing","CPL","55","55","1","5137","734","Montgomery","28.58"
"681","Madeira Beach","FL","Plumbing","CPL","49.5","49.5","1","3953","1548","Pinellas","28.57"
"682","Bridgeport","PA","Plumbing","CPL","55","55","1","5174","2979","Montgomery","28.5"
"683","Kutztown","PA","Plumbing","CPL","50.5","50.5","1","4180","1011","Berks","28.5"
"684","Folsom","PA","Plumbing","CPL","67.5","67.5","1","8671","2564","Delaware","28.45"
"685","Ashford","CT","Plumbing","CPL","41","41","1","235","611","Northeastern Connecticut","28.42"
"686","Bloomfield","CT","Plumbing","CPL","41","41","1","1676","659","Capitol","28.42"
"687","Chester","CT","Plumbing","CPL","41","41","1","2026","271","Lower Connecticut River Valley","28.42"
"688","Deep River","CT","Plumbing","CPL","41","41","1","2407","268","Lower Connecticut River Valley","28.42"
"689","Ellington","CT","Plumbing","CPL","41","41","1","2024","85","Capitol","28.42"
"690","Granby","CT","Plumbing","CPL","41","41","1","2343","262","Capitol","28.42"
"691","Haddam","CT","Plumbing","CPL","41","41","1","1742","96","Lower Connecticut River Valley","28.42"
"692","Higganum","CT","Plumbing","CPL","41","41","1","1742","96","Lower Connecticut River Valley","28.42"
"693","Mansfield Center","CT","Plumbing","CPL","41","41","1","785","121","Capitol","28.42"
"694","Marlborough","CT","Plumbing","CPL","41","41","1","968","328","Capitol","28.42"
"695","Moodus","CT","Plumbing","CPL","41","41","1","2042","208","Lower Connecticut River Valley","28.42"
"696","North Granby","CT","Plumbing","CPL","41","41","1","1451","70","Capitol","28.42"
"697","Old Saybrook","CT","Plumbing","CPL","41","41","1","1659","404","Lower Connecticut River Valley","28.42"
"698","Plantsville","CT","Plumbing","CPL","41","41","1","2220","794","Capitol","28.42"
"699","South Windham","CT","Plumbing","CPL","41","41","1","1281","172","Southeastern Connecticut","28.42"
"700","Suffield","CT","Plumbing","CPL","41","41","1","2006","351","Capitol","28.42"
"701","Tariffville","CT","Plumbing","CPL","41","41","1","1419","963","Capitol","28.42"
"702","Woodstock","CT","Plumbing","CPL","41","41","1","1340","103","Northeastern Connecticut","28.42"
"703","Woodstock Valley","CT","Plumbing","CPL","41","41","1","543","587","Northeastern Connecticut","28.42"
"704","Westbrook","CT","Plumbing","CPL","41","41","1","2501","579","Lower Connecticut River Valley","28.41"
"705","Oakhurst","NJ","Plumbing","CPL","47","47","1","3538","914","Monmouth","28.35"
"706","Pismo Beach","CA","Plumbing","CPL","43","43","2","8014","886","San Luis Obispo","28.35"
"707","Collegeville","PA","Plumbing","CPL","55","55","1","5247","1284","Montgomery","28.34"
"708","Ocean View","DE","Plumbing","CPL","43","43","1","2851","384","Sussex","28.28"
"709","Boyertown","PA","Plumbing","CPL","50.5","50.5","1","4287","2129","Berks","28.21"
"710","Saint Petersburg","FL","Plumbing","CPL","49.5","49.5","16","262732","1628","Pinellas","28.14"
"711","Riverdale","NJ","Plumbing","CPL","49.5","49.5","1","4112","778","Morris","28.12"
"712","Moore","SC","Plumbing","CPL","43","43","1","2902","312","Spartanburg","28.08"
"713","Roebuck","SC","Plumbing","CPL","43","43","1","2902","312","Spartanburg","28.08"
"714","Lisbon","OH","Plumbing","CPL","42.5","42.5","1","2832","589","Columbiana","28.03"
"715","Oakmont","PA","Plumbing","CPL","60","60","1","6702","1637","Allegheny","28.03"
"716","Bellmawr","NJ","Plumbing","CPL","49.5","47.5","2","11737","1511","Camden","28.02"
"717","Fairchild Air Force Base","WA","Plumbing","CPL","43","43","1","2931","176","Spokane","27.97"
"718","Aston","PA","Plumbing","CPL","67.5","67.5","1","9073","1760","Delaware","27.94"
"719","Monessen","PA","Plumbing","CPL","60","60","1","6780","913","Westmoreland","27.9"
"720","West Mifflin","PA","Plumbing","CPL","60","60","2","19190","525","Allegheny","27.9"
"721","Little Falls","NJ","Plumbing","CPL","49.5","49.5","1","4207","3351","Passaic","27.86"
"722","Warrenton","VA","Plumbing","CPL","46.5","46.5","2","10176","895","Fauquier","27.86"
"723","Hoffman Estates","IL","Plumbing","CPL","58.5","58.5","4","51175","962","Cook","27.85"
"724","Villanova","PA","Plumbing","CPL","67.5","67.5","1","9186","1559","Montgomery","27.8"
"725","Coventry","CT","Plumbing","CPL","41","41","1","2647","255","Capitol","27.78"
"726","Hamburg","PA","Plumbing","CPL","50.5","50.5","1","4456","895","Berks","27.78"
"727","Natrona Heights","PA","Plumbing","CPL","60","60","1","6903","1246","Allegheny","27.7"
"728","Lilburn","GA","Plumbing","CPL","54.5","54.5","2","15390","855","Gwinnett","27.68"
"729","Weatogue","CT","Plumbing","CPL","41","41","1","2672","367","Capitol","27.67"
"730","Littleton","MA","Plumbing","CPL","44.5","44.5","1","3289","310","Middlesex","27.64"
"731","Medford","NJ","Plumbing","CPL","49.5","49.5","1","4297","1446","Burlington","27.63"
"732","Westville","NJ","Plumbing","CPL","49.5","49.5","1","4310","1616","Gloucester","27.59"
"733","Essex","CT","Plumbing","CPL","41","41","1","2705","274","Lower Connecticut River Valley","27.54"
"734","Chalfont","PA","Plumbing","CPL","49.5","49.5","1","4346","1026","Bucks","27.5"
"735","Magnolia","NJ","Plumbing","CPL","49.5","49.5","1","4354","1721","Camden","27.48"
"736","Oak Park","IL","Plumbing","CPL","58.5","58.5","4","53292","4380","Cook","27.4"
"737","Allenport","PA","Plumbing","CPL","39.5","39.5","1","719","272","Huntingdon","27.38"
"738","Atlasburg","PA","Plumbing","CPL","39.5","39.5","1","482","346","Washington","27.38"
"739","Avella","PA","Plumbing","CPL","39.5","39.5","1","688","301","Washington","27.38"
"740","Barclay","MD","Plumbing","CPL","39.5","39.5","1","225","198","Queen Anne's","27.38"
"741","Beallsville","PA","Plumbing","CPL","39.5","39.5","1","425","65","Washington","27.38"
"742","Bentleyville","PA","Plumbing","CPL","39.5","39.5","1","2437","245","Washington","27.38"
"743","Bulger","PA","Plumbing","CPL","39.5","39.5","1","119","45","Washington","27.38"
"744","Burgettstown","PA","Plumbing","CPL","39.5","39.5","1","1412","855","Washington","27.38"
"745","Cecilton","MD","Plumbing","CPL","39.5","39.5","1","820","689","Cecil","27.38"
"746","Charlestown","MD","Plumbing","CPL","39.5","39.5","1","1999","673","Cecil","27.38"
"747","Chesapeake City","MD","Plumbing","CPL","39.5","39.5","1","810","566","Cecil","27.38"
"748","Church Hill","MD","Plumbing","CPL","39.5","39.5","1","1060","566","Queen Anne's","27.38"
"749","Claysville","PA","Plumbing","CPL","39.5","39.5","1","752","1078","Washington","27.38"
"750","Coal Center","PA","Plumbing","CPL","39.5","39.5","1","101","265","Washington","27.38"
"751","Cokeburg","PA","Plumbing","CPL","39.5","39.5","1","684","555","Washington","27.38"
"752","Crumpton","MD","Plumbing","CPL","39.5","39.5","1","248","123","Queen Anne's","27.38"
"753","Daisytown","PA","Plumbing","CPL","39.5","39.5","1","277","331","Cambria","27.38"
"754","Dunlevy","PA","Plumbing","CPL","39.5","39.5","1","326","249","Washington","27.38"
"755","Eighty Four","PA","Plumbing","CPL","39.5","39.5","1","626","47","Washington","27.38"
"756","Elco","PA","Plumbing","CPL","39.5","39.5","1","280","169","Washington","27.38"
"757","Ellsworth","PA","Plumbing","CPL","39.5","39.5","1","791","381","Washington","27.38"
"758","Elrama","PA","Plumbing","CPL","39.5","39.5","1","279","464","Washington","27.38"
"759","Finleyville","PA","Plumbing","CPL","39.5","39.5","1","341","774","Washington","27.38"
"760","Fredericktown","PA","Plumbing","CPL","39.5","39.5","1","488","222","Washington","27.38"
"761","Georgetown","MD","Plumbing","CPL","39.5","39.5","1","8","11","Kent","27.38"
"762","Greenleaf","ID","Plumbing","CPL","39.5","39.5","1","1482","578","Canyon","27.38"
"763","Grenloch","NJ","Plumbing","CPL","39.5","39.5","1","666","380","Camden","27.38"
"764","Hendersonville","PA","Plumbing","CPL","39.5","39.5","1","243","152","Washington","27.38"
"765","Hickory","PA","Plumbing","CPL","39.5","39.5","1","987","89","Washington","27.38"
"766","Houston","PA","Plumbing","CPL","39.5","39.5","1","1313","1146","Washington","27.38"
"767","Joffre","PA","Plumbing","CPL","39.5","39.5","1","610","194","Washington","27.38"
"768","Langeloth","PA","Plumbing","CPL","39.5","39.5","1","632","236","Washington","27.38"
"769","Lawrence","PA","Plumbing","CPL","39.5","39.5","1","1154","1029","Washington","27.38"
"770","Marianna","PA","Plumbing","CPL","39.5","39.5","1","585","106","Washington","27.38"
"771","McDonald","PA","Plumbing","CPL","39.5","39.5","1","2065","1696","Washington","27.38"
"772","Meadow Lands","PA","Plumbing","CPL","39.5","39.5","1","495","182","Washington","27.38"
"773","Melba","ID","Plumbing","CPL","39.5","39.5","1","617","527","Canyon","27.38"
"774","Midway","PA","Plumbing","CPL","39.5","39.5","1","860","2103","Adams","27.38"
"775","Millsboro","PA","Plumbing","CPL","39.5","39.5","1","282","153","Washington","27.38"
"776","New Eagle","PA","Plumbing","CPL","39.5","39.5","1","2085","816","Washington","27.38"
"777","Notus","ID","Plumbing","CPL","39.5","39.5","1","573","773","Canyon","27.38"
"778","Parma","ID","Plumbing","CPL","39.5","39.5","1","1928","656","Canyon","27.38"
"779","Port Deposit","MD","Plumbing","CPL","39.5","39.5","1","491","88","Cecil","27.38"
"780","Queen Anne","MD","Plumbing","CPL","39.5","39.5","1","1443","61","Prince George's","27.38"
"781","Queenstown","MD","Plumbing","CPL","39.5","39.5","1","907","190","Queen Anne's","27.38"
"782","Roscoe","PA","Plumbing","CPL","39.5","39.5","1","567","1102","Washington","27.38"
"783","Scenery Hill","PA","Plumbing","CPL","39.5","39.5","1","684","555","Washington","27.38"
"784","Seabrook","NH","Plumbing","CPL","39.5","39.5","1","1001","335","Rockingham","27.38"
"785","Slovan","PA","Plumbing","CPL","39.5","39.5","1","714","402","Washington","27.38"
"786","Southview","PA","Plumbing","CPL","39.5","39.5","1","303","100","Washington","27.38"
"787","Stockdale","PA","Plumbing","CPL","39.5","39.5","1","291","77","Washington","27.38"
"788","Strabane","PA","Plumbing","CPL","39.5","39.5","1","605","898","Washington","27.38"
"789","Sudlersville","MD","Plumbing","CPL","39.5","39.5","1","347","92","Queen Anne's","27.38"
"790","Taylorstown","PA","Plumbing","CPL","39.5","39.5","1","176","68","Washington","27.38"
"791","Van Voorhis","PA","Plumbing","CPL","39.5","39.5","1","516","55","Washington","27.38"
"792","West Alexander","PA","Plumbing","CPL","39.5","39.5","1","491","181","Washington","27.38"
"793","West Middletown","PA","Plumbing","CPL","39.5","39.5","1","67","61","Washington","27.38"
"794","Westland","PA","Plumbing","CPL","39.5","39.5","1","40","235","Washington","27.38"
"795","Wilder","ID","Plumbing","CPL","39.5","39.5","1","2074","864","Canyon","27.38"
"796","Silver Spring","MD","Plumbing","CPL","49.5","49.5","7","81462","4023","Montgomery","27.37"
"797","Montclair","NJ","Plumbing","CPL","49.5","49.5","2","12457","1992","Essex","27.36"
"798","Selbyville","DE","Plumbing","CPL","43","43","1","3097","300","Sussex","27.36"
"799","Blackwood","NJ","Plumbing","CPL","49.5","49.5","1","4443","1461","Camden","27.26"
"800","Merion Station","PA","Plumbing","CPL","55","55","1","5788","1684","Montgomery","27.25"
"801","Muse","PA","Plumbing","CPL","39.5","39.5","1","2529","668","Washington","27.25"
"802","Crum Lynne","PA","Plumbing","CPL","67.5","67.5","1","9736","2370","Delaware","27.16"
"803","Wellsville","OH","Plumbing","CPL","42.5","42.5","1","3063","663","Columbiana","27.16"
"804","Woodlyn","PA","Plumbing","CPL","67.5","67.5","1","9736","2370","Delaware","27.16"
"805","Sykesville","MD","Plumbing","CPL","49.5","49.5","1","4491","1050","Carroll","27.14"
"806","Evanston","IL","Plumbing","CPL","58.5","58.5","5","76340","3799","Cook","27.13"
"807","Inman","SC","Plumbing","CPL","43","43","1","3166","675","Spartanburg","27.12"
"808","Haverford","PA","Plumbing","CPL","55","55","1","5880","2330","Montgomery","27.08"
"809","Buena","NJ","Plumbing","CPL","49.5","49.5","1","4520","229","Atlantic","27.07"
"810","Lake Forest","IL","Plumbing","CPL","58.5","54.25","2","19416","431","Lake","27.07"
"811","Landisville","NJ","Plumbing","CPL","49.5","49.5","1","4520","229","Atlantic","27.07"
"812","Minotola","NJ","Plumbing","CPL","49.5","49.5","1","4520","229","Atlantic","27.07"
"813","Fort Myers Beach","FL","Plumbing","CPL","53.5","53.5","1","5513","770","Lee","27.03"
"814","Levittown","PA","Plumbing","CPL","49.5","47.1","5","50926","1909","Bucks","26.99"
"815","Blairsville","PA","Plumbing","CPL","43","43","1","3215","877","Indiana","26.95"
"816","Oreland","PA","Plumbing","CPL","55","55","1","5953","1544","Montgomery","26.94"
"817","Hampton","NH","Plumbing","CPL","39.5","39.5","1","2605","784","Rockingham","26.93"
"818","Manchester","NH","Plumbing","CPL","60","60","8","167888","1347","Hillsborough","26.92"
"819","Mountain Lakes","NJ","Plumbing","CPL","49.5","49.5","1","4585","662","Morris","26.92"
"820","Mullica Hill","NJ","Plumbing","CPL","49.5","49.5","1","4591","470","Gloucester","26.91"
"821","Alpharetta","GA","Plumbing","CPL","55","55","5","66855","952","Fulton","26.9"
"822","Mount Ephraim","NJ","Plumbing","CPL","49.5","49.5","1","4669","2030","Camden","26.72"
"823","Pennsburg","PA","Plumbing","CPL","46.5","46.5","1","3994","1925","Montgomery","26.72"
"824","Norton","MA","Plumbing","CPL","39.5","39.5","1","2663","575","Bristol","26.7"
"825","Arimo","ID","Plumbing","CPL","38.5","38.5","1","351","256","Bannock","26.69"
"826","Downey","ID","Plumbing","CPL","38.5","38.5","1","803","296","Bannock","26.69"
"827","Inkom","ID","Plumbing","CPL","38.5","38.5","1","936","327","Bannock","26.69"
"828","Lava Hot Springs","ID","Plumbing","CPL","38.5","38.5","1","218","139","Bannock","26.69"
"829","Mccammon","ID","Plumbing","CPL","38.5","38.5","1","909","158","Bannock","26.69"
"830","Kingsville","MD","Plumbing","CPL","49.5","49.5","1","4687","184","Baltimore","26.68"
"831","Orange Park","FL","Plumbing","CPL","42.5","42.5","2","9055","962","Clay","26.68"
"832","Upper Falls","MD","Plumbing","CPL","49.5","49.5","1","4687","184","Baltimore","26.68"
"833","Bethesda","MD","Plumbing","CPL","49.5","49.5","6","69397","1962","Montgomery","26.6"
"834","West River","MD","Plumbing","CPL","49.5","49.5","1","4727","259","Anne Arundel","26.59"
"835","Bradley Beach","NJ","Plumbing","CPL","47","47","1","4158","2697","Monmouth","26.58"
"836","Landing","NJ","Plumbing","CPL","49.5","49.5","1","4737","814","Morris","26.57"
"837","Woodinville","WA","Plumbing","CPL","49.5","49.5","2","13438","924","King","26.54"
"838","Shrewsbury","NJ","Plumbing","CPL","47","47","1","4179","744","Monmouth","26.53"
"839","Inverness","IL","Plumbing","CPL","58.5","58.5","1","7275","446","Cook","26.45"
"840","Conley","GA","Plumbing","CPL","53.5","53.5","1","5822","1080","Clayton","26.44"
"841","Duluth","GA","Plumbing","CPL","55","54.83","3","32426","1215","Gwinnett","26.44"
"842","Kennett Square","PA","Plumbing","CPL","55","55","1","6243","2209","Chester","26.44"
"843","Harwinton","CT","Plumbing","CPL","41.5","41.5","1","3088","139","Northwest Hills","26.43"
"844","Haslet","TX","Plumbing","CPL","42.5","42.5","1","3280","116","Tarrant","26.43"
"845","West Simsbury","CT","Plumbing","CPL","41","41","1","3000","240","Capitol","26.42"
"846","Allison Park","PA","Plumbing","CPL","60","60","2","22045","616","Allegheny","26.39"
"847","Fort Washington","PA","Plumbing","CPL","55","55","1","6271","724","Montgomery","26.39"
"848","Rising Sun","MD","Plumbing","CPL","39.5","39.5","1","2764","643","Cecil","26.3"
"849","Birdsboro","PA","Plumbing","CPL","50.5","50.5","1","5116","1484","Berks","26.29"
"850","Arcadia","SC","Plumbing","CPL","43","43","1","3426","537","Spartanburg","26.28"
"851","Des Plaines","IL","Plumbing","CPL","58.5","58.5","4","59156","1611","Cook","26.28"
"852","South Bound Brook","NJ","Plumbing","CPL","49.5","49.5","1","4867","2895","Somerset","26.28"
"853","Malad City","ID","Plumbing","CPL","38.5","38.5","1","2601","558","Oneida","26.27"
"854","Cedar Knolls","NJ","Plumbing","CPL","49.5","49.5","1","4882","893","Morris","26.25"
"855","Garwood","NJ","Plumbing","CPL","49.5","49.5","1","4885","2783","Union","26.25"
"856","Penns Grove","NJ","Plumbing","CPL","49.5","49.5","1","4882","2102","Salem","26.25"
"857","Linden","VA","Plumbing","CPL","46.5","46.5","1","4179","118","Warren","26.24"
"858","Paoli","PA","Plumbing","CPL","55","55","1","6362","1174","Chester","26.24"
"859","Broomall","PA","Plumbing","CPL","67.5","67.5","1","10679","1302","Delaware","26.18"
"860","Cheltenham","PA","Plumbing","CPL","46.5","46.5","1","4210","1765","Montgomery","26.17"
"861","Darby","PA","Plumbing","CPL","67.5","67.5","1","10687","4889","Delaware","26.17"
"862","Carnegie","PA","Plumbing","CPL","60","60","1","7978","1910","Allegheny","26.15"
"863","Latrobe","PA","Plumbing","CPL","60","60","1","7977","1334","Westmoreland","26.15"
"864","Acushnet","MA","Plumbing","CPL","39.5","39.5","1","2810","762","Bristol","26.13"
"865","Davidsonville","MD","Plumbing","CPL","49.5","49.5","1","4976","754","Anne Arundel","26.05"
"866","Riva","MD","Plumbing","CPL","49.5","49.5","1","4976","754","Anne Arundel","26.05"
"867","Lewes","DE","Plumbing","CPL","43","43","1","3505","315","Sussex","26.04"
"868","Wellford","SC","Plumbing","CPL","43","43","1","3515","290","Spartanburg","26.01"
"869","Norcross","GA","Plumbing","CPL","54.5","54.5","2","18007","1111","Gwinnett","25.99"
"870","Abingdon","MD","Plumbing","CPL","49.5","49.5","1","5019","801","Harford","25.96"
"871","Atlantic Highlands","NJ","Plumbing","CPL","47","47","1","4410","1347","Monmouth","25.96"
"872","Venice","FL","Plumbing","CPL","50.5","50.5","3","27479","628","Sarasota","25.94"
"873","Milton","DE","Plumbing","CPL","43","43","1","3567","721","Sussex","25.86"
"874","Cave Creek","AZ","Plumbing","CPL","49.5","49.5","1","5091","52","Maricopa","25.82"
"875","Wayne","PA","Plumbing","CPL","55","55","1","6635","1255","Delaware","25.8"
"876","Horsham","PA","Plumbing","CPL","55","55","1","6643","848","Montgomery","25.79"
"877","Cecil","PA","Plumbing","CPL","39.5","39.5","1","2910","383","Washington","25.77"
"878","Woods Cross","UT","Plumbing","CPL","68.5","68.5","1","11531","1157","Davis","25.76"
"879","Lansdowne","PA","Plumbing","CPL","67.5","67.5","1","11122","3616","Delaware","25.75"
"880","Wildwood","NJ","Plumbing","CPL","49.5","49.5","1","5130","1288","Cape May","25.74"
"881","Highlands","NJ","Plumbing","CPL","47","47","1","4518","2386","Monmouth","25.71"
"882","Highwood","IL","Plumbing","CPL","50","50","1","5301","2812","Lake","25.66"
"883","Lyons","NJ","Plumbing","CPL","49.5","49.5","1","5187","546","Somerset","25.62"
"884","Broadview","IL","Plumbing","CPL","58.5","58.5","1","7896","1716","Cook","25.6"
"885","Ruskin","FL","Plumbing","CPL","51.5","51.5","3","29834","637","Hillsborough","25.6"
"886","Gary","IN","Plumbing","CPL","43","43","7","68113","531","Lake","25.54"
"887","Seekonk","MA","Plumbing","CPL","39.5","39.5","1","2974","801","Bristol","25.54"
"888","Margate City","NJ","Plumbing","CPL","49.5","49.5","1","5234","1434","Atlantic","25.53"
"889","Neptune City","NJ","Plumbing","CPL","47","47","1","4606","1986","Monmouth","25.51"
"890","Ambler","PA","Plumbing","CPL","55","55","1","6847","3091","Montgomery","25.48"
"891","Gastonville","PA","Plumbing","CPL","39.5","39.5","1","2995","383","Washington","25.47"
"892","Sanibel","FL","Plumbing","CPL","53.5","53.5","1","6418","153","Lee","25.43"
"893","Sellersville","PA","Plumbing","CPL","46.5","46.5","1","4542","1534","Bucks","25.38"
"894","Hillside","IL","Plumbing","CPL","58.5","58.5","1","8084","991","Cook","25.36"
"895","Salem","NJ","Plumbing","CPL","49.5","49.5","1","5322","875","Salem","25.36"
"896","East Wareham","MA","Plumbing","CPL","36.5","36.5","1","1620","627","Plymouth","25.3"
"897","Jeannette","PA","Plumbing","CPL","60","60","1","8657","1410","Westmoreland","25.3"
"898","Marion","MA","Plumbing","CPL","36.5","36.5","1","1335","437","Plymouth","25.3"
"899","Marshfield Hills","MA","Plumbing","CPL","36.5","36.5","1","1978","179","Plymouth","25.3"
"900","Onset","MA","Plumbing","CPL","36.5","36.5","1","1380","559","Plymouth","25.3"
"901","West Wareham","MA","Plumbing","CPL","36.5","36.5","1","2257","287","Plymouth","25.3"
"902","Hiram","GA","Plumbing","CPL","49","49","1","5231","498","Paulding","25.28"
"903","Argyle","TX","Plumbing","CPL","49.5","49.5","1","5371","166","Denton","25.27"
"904","Manassas","VA","Plumbing","CPL","49.5","49.5","4","42976","1674","Manassas","25.27"
"905","Egg Harbor Township","NJ","Plumbing","CPL","49.5","49.5","1","5377","792","Atlantic","25.26"
"906","Ledgewood","NJ","Plumbing","CPL","49.5","49.5","1","5377","359","Morris","25.26"
"907","Morro Bay","CA","Plumbing","CPL","43","43","2","10692","775","San Luis Obispo","25.26"
"908","Clementon","NJ","Plumbing","CPL","49.5","49.5","1","5410","1092","Camden","25.2"
"909","Middletown","MD","Plumbing","CPL","48","48","1","5014","931","Frederick","25.19"
"910","Glendora","NJ","Plumbing","CPL","49.5","49.5","1","5431","1992","Camden","25.16"
"911","Harrington","DE","Plumbing","CPL","43","43","1","3838","539","Kent","25.11"
"912","Palatine","IL","Plumbing","CPL","58.5","58.5","4","66293","1820","Cook","25.11"
"913","Chester","PA","Plumbing","CPL","67.5","67.5","2","33619","2653","Delaware","25.08"
"914","North Port","FL","Plumbing","CPL","50.5","50.5","6","84605","313","Sarasota","25.07"
"915","Windber","PA","Plumbing","CPL","43","43","1","3860","765","Somerset","25.05"
"916","Palm Harbor","FL","Plumbing","CPL","49.5","49.5","5","61512","1367","Pinellas","25.03"
"917","Souderton","PA","Plumbing","CPL","55","55","1","7181","2484","Montgomery","25"
"918","Point Pleasant Beach","NJ","Plumbing","CPL","47","47","1","4855","1309","Ocean","24.98"
"919","Akron","IN","Plumbing","CPL","36","36","1","954","893","Fulton","24.95"
"920","Bannock","OH","Plumbing","CPL","36","36","1","198","154","Belmont","24.95"
"921","Belmont","OH","Plumbing","CPL","36","36","1","370","334","Belmont","24.95"
"922","Bethesda","OH","Plumbing","CPL","36","36","1","1239","761","Belmont","24.95"
"923","Beverly Shores","IN","Plumbing","CPL","36","36","1","650","64","Porter","24.95"
"924","Blaine","OH","Plumbing","CPL","36","36","1","296","276","Belmont","24.95"
"925","Boone Grove","IN","Plumbing","CPL","36","36","1","30","86","Porter","24.95"
"926","Bruin","PA","Plumbing","CPL","36","36","1","354","87","Butler","24.95"
"927","Callery","PA","Plumbing","CPL","36","36","1","458","371","Butler","24.95"
"928","Charleston","TN","Plumbing","CPL","36","36","1","956","274","Bradley","24.95"
"929","Cherryville","PA","Plumbing","CPL","36","36","1","1159","227","Northampton","24.95"
"930","Chicora","PA","Plumbing","CPL","36","36","1","876","702","Butler","24.95"
"931","Clinton","PA","Plumbing","CPL","36","36","1","899","444","Allegheny","24.95"
"932","Conway","PA","Plumbing","CPL","36","36","1","2195","627","Beaver","24.95"
"933","Darlington","PA","Plumbing","CPL","36","36","1","1843","39","Beaver","24.95"
"934","Dayton","PA","Plumbing","CPL","36","36","1","521","434","Armstrong","24.95"
"935","Distant","PA","Plumbing","CPL","36","36","1","606","131","Armstrong","24.95"
"936","Donnelsville","OH","Plumbing","CPL","36","36","1","308","119","Clark","24.95"
"937","East Brady","PA","Plumbing","CPL","36","36","1","1041","511","Clarion","24.95"
"938","East Butler","PA","Plumbing","CPL","36","36","1","916","334","Butler","24.95"
"939","Eau Claire","PA","Plumbing","CPL","36","36","1","272","77","Butler","24.95"
"940","Elderton","PA","Plumbing","CPL","36","36","1","310","319","Armstrong","24.95"
"941","Eldorado Springs","CO","Plumbing","CPL","36","36","1","320","53","Boulder","24.95"
"942","Elkins Park","PA","Plumbing","CPL","55","55","1","7213","1616","Montgomery","24.95"
"943","Evans City","PA","Plumbing","CPL","36","36","1","2074","973","Butler","24.95"
"944","Fenelton","PA","Plumbing","CPL","36","36","1","44","95","Butler","24.95"
"945","Flushing","OH","Plumbing","CPL","36","36","1","1149","632","Belmont","24.95"
"946","Ford Cliff","PA","Plumbing","CPL","36","36","1","409","1166","Armstrong","24.95"
"947","Forestville","PA","Plumbing","CPL","36","36","1","483","201","Schuylkill","24.95"
"948","Freedom","PA","Plumbing","CPL","36","36","1","1488","1001","Beaver","24.95"
"949","Freeport","PA","Plumbing","CPL","36","36","1","1708","528","Armstrong","24.95"
"950","Fulton","IN","Plumbing","CPL","36","36","1","256","496","Fulton","24.95"
"951","Georgetown","PA","Plumbing","CPL","36","36","1","1880","893","Luzerne","24.95"
"952","Glencoe","OH","Plumbing","CPL","36","36","1","255","36","Belmont","24.95"
"953","Greenback","TN","Plumbing","CPL","36","36","1","1378","76","Loudon","24.95"
"954","Harmony","PA","Plumbing","CPL","36","36","1","1232","1195","Butler","24.95"
"955","Harrisville","PA","Plumbing","CPL","36","36","1","901","408","Butler","24.95"
"956","Hebron","IL","Plumbing","CPL","36","36","1","1261","288","McHenry","24.95"
"957","Hilliards","PA","Plumbing","CPL","36","36","1","138","83","Butler","24.95"
"958","Holloway","OH","Plumbing","CPL","36","36","1","399","153","Belmont","24.95"
"959","Hookstown","PA","Plumbing","CPL","36","36","1","80","140","Beaver","24.95"
"960","Industry","PA","Plumbing","CPL","36","36","1","1618","63","Beaver","24.95"
"961","Jamestown","CO","Plumbing","CPL","36","36","1","324","172","Boulder","24.95"
"962","Karns City","PA","Plumbing","CPL","36","36","1","194","125","Butler","24.95"
"963","Kewanna","IN","Plumbing","CPL","36","36","1","533","385","Fulton","24.95"
"964","Koppel","PA","Plumbing","CPL","36","36","1","759","543","Beaver","24.95"
"965","Kouts","IN","Plumbing","CPL","36","36","1","2372","720","Porter","24.95"
"966","Lafferty","OH","Plumbing","CPL","36","36","1","93","31","Belmont","24.95"
"967","Lancaster","MA","Plumbing","CPL","36","36","1","2177","580","Worcester","24.95"
"968","Lansing","OH","Plumbing","CPL","36","36","1","523","301","Belmont","24.95"
"969","Leechburg","PA","Plumbing","CPL","36","36","1","1985","1803","Armstrong","24.95"
"970","Leiters Ford","IN","Plumbing","CPL","36","36","1","183","119","Fulton","24.95"
"971","Lyons","CO","Plumbing","CPL","36","36","1","1838","545","Boulder","24.95"
"972","Manorville","PA","Plumbing","CPL","36","36","1","402","976","Armstrong","24.95"
"973","Mars","PA","Plumbing","CPL","36","36","1","1285","1030","Butler","24.95"
"974","Martins Creek","PA","Plumbing","CPL","36","36","1","662","164","Northampton","24.95"
"975","Medway","OH","Plumbing","CPL","36","36","1","580","574","Clark","24.95"
"976","Midland","PA","Plumbing","CPL","36","36","1","2293","519","Beaver","24.95"
"977","Morristown","OH","Plumbing","CPL","36","36","1","240","141","Belmont","24.95"
"978","Mount Bethel","PA","Plumbing","CPL","36","36","1","334","198","Northampton","24.95"
"979","Nederland","CO","Plumbing","CPL","36","36","1","1655","397","Boulder","24.95"
"980","Neffs","OH","Plumbing","CPL","36","36","1","921","100","Belmont","24.95"
"981","New Plymouth","ID","Plumbing","CPL","36","36","1","1794","1046","Payette","24.95"
"982","North Apollo","PA","Plumbing","CPL","36","36","1","1156","841","Armstrong","24.95"
"983","North Hampton","OH","Plumbing","CPL","36","36","1","329","164","Clark","24.95"
"984","North Walpole","NH","Plumbing","CPL","36","36","1","513","338","Cheshire","24.95"
"985","North Washington","PA","Plumbing","CPL","36","36","1","141","77","Butler","24.95"
"986","Palm Beach","FL","Plumbing","CPL","61","61","1","9348","939","Palm Beach","24.95"
"987","Petrolia","PA","Plumbing","CPL","36","36","1","186","159","Butler","24.95"
"988","Philadelphia","TN","Plumbing","CPL","36","36","1","684","179","Loudon","24.95"
"989","Portersville","PA","Plumbing","CPL","36","36","1","196","107","Butler","24.95"
"990","Portland","PA","Plumbing","CPL","36","36","1","546","556","Northampton","24.95"
"991","Powhatan Point","OH","Plumbing","CPL","36","36","1","1420","397","Belmont","24.95"
"992","Prospect","PA","Plumbing","CPL","36","36","1","1157","104","Butler","24.95"
"993","Renfrew","PA","Plumbing","CPL","36","36","1","129","122","Butler","24.95"
"994","Ringwood","IL","Plumbing","CPL","36","36","1","730","78","McHenry","24.95"
"995","Rural Valley","PA","Plumbing","CPL","36","36","1","1019","170","Armstrong","24.95"
"996","Sagamore","PA","Plumbing","CPL","36","36","1","121","51","Armstrong","24.95"
"997","Saxonburg","PA","Plumbing","CPL","36","36","1","1202","551","Butler","24.95"
"998","Schenley","PA","Plumbing","CPL","36","36","1","65","25","Armstrong","24.95"
"999","Shippingport","PA","Plumbing","CPL","36","36","1","159","20","Beaver","24.95"
"1000","South Charleston","OH","Plumbing","CPL","36","36","1","1727","518","Clark","24.95"